item,token,not_sightword,not_decodable,not_decodable_at_grade_level,sightword
1401,jeff,1.0,,,
1401,the,,,,-1
1401,duck,,,,0
1401,is,,,,-1
1401,lost,,,,0
1401,where,,,,-1
1401,is,,,,-1
1401,his,,,,0
1401,pond,1.0,,,
1401,he,,,,-1
1401,walks,,,,0
1401,to,,,,-1
1401,a,,,,-1
1401,rock,,,,0
1401,this,,,,-1
1401,is,,,,-1
1401,not,,,,-1
1401,my,,,,-1
1401,pond,1.0,,,
1401,he,,,,-1
1401,walks,,,,0
1401,to,,,,-1
1401,a,,,,-1
1401,tree,,,1.0,0
1401,this,,,,-1
1401,is,,,,-1
1401,not,,,,-1
1401,my,,,,-1
1401,pond,1.0,,,
1401,he,,,,-1
1401,walks,,,,0
1401,to,,,,-1
1401,a,,,,-1
1401,tub,1.0,,,
1401,but,,,,-1
1401,i,,,,-1
1401,can,,,,-1
1401,swim,,,,0
1401,here,,,,-1
1603,sounds,,,1.0,1
1603,are,,,,-1
1603,all,,,,-1
1603,around,,,1.0,1
1603,us,,,,0
1603,sounds,,,1.0,1
1603,can,,,,-1
1603,be,,,,-1
1603,loud,1.0,,1.0,
1603,sounds,,,1.0,1
1603,can,,,,-1
1603,be,,,,-1
1603,soft,1.0,,,
1603,our,,,1.0,1
1603,ears,1.0,,1.0,
1603,catch,1.0,,1.0,
1603,the,,,,-1
1603,sounds,,,1.0,1
1603,in,,,,-1
1603,the,,,,-1
1603,city,,,1.0,0
1603,we,,,,-1
1603,can,,,,-1
1603,hear,,,1.0,1
1603,the,,,,-1
1603,loud,1.0,,1.0,
1603,sound,,,1.0,1
1603,of,,,,-1
1603,trucks,,,,0
1603,in,,,,-1
1603,the,,,,-1
1603,city,,,1.0,0
1603,we,,,,-1
1603,can,,,,-1
1603,hear,,,1.0,1
1603,the,,,,-1
1603,soft,1.0,,,
1603,sound,,,1.0,1
1603,of,,,,-1
1603,bikes,,,1.0,1
1603,in,,,,-1
1603,the,,,,-1
1603,park,,,1.0,0
1603,we,,,,-1
1603,can,,,,-1
1603,hear,,,1.0,1
1603,the,,,,-1
1603,loud,1.0,,1.0,
1603,sound,,,1.0,1
1603,of,,,,-1
1603,dogs,,,,-1
1603,barking,,,1.0,1
1603,in,,,,-1
1603,the,,,,-1
1603,park,,,1.0,0
1603,we,,,,-1
1603,can,,,,-1
1603,hear,,,1.0,1
1603,the,,,,-1
1603,soft,1.0,,,
1603,sound,,,1.0,1
1603,of,,,,-1
1603,birds,,,1.0,0
1603,singing,,,1.0,0
1603,we,,,,-1
1603,can,,,,-1
1603,also,1.0,,1.0,
1603,hear,,,1.0,1
1603,the,,,,-1
1603,ice,1.0,,1.0,
1603,cream,1.0,,1.0,
1603,truck,,,,0
1903,a,,,,-1
1903,rooster,1.0,,1.0,
1903,was,,1.0,,0
1903,out,,,,-1
1903,in,,,,-1
1903,the,,,,-1
1903,yard,1.0,,1.0,
1903,he,,,,-1
1903,wanted,,,,-1
1903,some,,1.0,,0
1903,corn,1.0,,1.0,
1903,to,,,,-1
1903,eat,,,1.0,0
1903,on,,,,-1
1903,the,,,,-1
1903,ground,,,1.0,1
1903,he,,,,-1
1903,saw,,,1.0,0
1903,something,,1.0,,0
1903,yellow,,,1.0,1
1903,and,,,,-1
1903,bright,1.0,,1.0,
1903,it,,,,-1
1903,was,,1.0,,0
1903,hard,1.0,,1.0,
1903,and,,,,-1
1903,round,1.0,,1.0,
1903,the,,,,-1
1903,rooster,1.0,,1.0,
1903,ran,,,,0
1903,to,,,,-1
1903,get,,,,-1
1903,it,,,,-1
1903,he,,,,-1
1903,did,,,,-1
1903,not,,,,-1
1903,want,,,,-1
1903,to,,,,-1
1903,share,1.0,,1.0,
1903,it,,,,-1
1903,he,,,,-1
1903,pecked,1.0,,1.0,
1903,at,,,,-1
1903,it,,,,-1
1903,it,,,,-1
1903,wasn't,,1.0,,1
1903,corn,1.0,,1.0,
1903,it,,,,-1
1903,was,,1.0,,0
1903,a,,,,-1
1903,small,,,,0
1903,piece,1.0,,1.0,
1903,of,,,,-1
1903,gold,,,,1
1903,i,,,,-1
1903,wish,,,,1
1903,it,,,,-1
1903,were,,1.0,,0
1903,corn,1.0,,1.0,
1903,said,,,,-1
1903,the,,,,-1
1903,rooster,1.0,,1.0,
1903,so,,,,-1
1903,i,,,,-1
1903,could,,1.0,,0
1903,eat,,,1.0,0
1903,it,,,,-1
1903,this,,,,-1
1903,yellow,,,1.0,1
1903,rock,,,,0
1903,is,,,,-1
1903,not,,,,-1
1903,as,,,,0
1903,tasty,1.0,,1.0,
1903,as,,,,0
1903,corn,1.0,,1.0,
1505,rocky,,,1.0,0
1505,barks,,,1.0,1
1505,at,,,,-1
1505,trucks,,,,0
1505,every,,1.0,,0
1505,day,,,,-1
1505,rocky,,,1.0,0
1505,barks,,,1.0,1
1505,at,,,,-1
1505,the,,,,-1
1505,mail,1.0,,1.0,
1505,truck,,,,0
1505,here,,,,-1
1505,comes,,1.0,,1
1505,the,,,,-1
1505,garbage,1.0,,1.0,
1505,truck,,,,0
1505,and,,,,-1
1505,rocky,,,1.0,0
1505,barks,,,1.0,1
1505,when,,,,0
1505,rocky,,,1.0,0
1505,hears,,,1.0,1
1505,a,,,,-1
1505,fire,,,1.0,0
1505,truck,,,,0
1505,he,,,,-1
1505,barks,,,1.0,1
1505,why,,,1.0,0
1505,does,,1.0,,0
1505,he,,,,-1
1505,bark,,,1.0,1
1505,so,,,,-1
1505,much,,,,0
1505,when,,,,0
1505,he,,,,-1
1505,barks,,,1.0,1
1505,the,,,,-1
1505,trucks,,,,0
1505,go,,,,-1
1505,away,,,,0
1505,woof,1.0,,1.0,
1505,woof,1.0,,1.0,
1505,woof,1.0,,1.0,
1505,it,,,,-1
1505,works,,,1.0,0
1505,the,,,,-1
1505,trucks,,,,0
1505,go,,,,-1
1505,away,,,,0
1505,good,,,,-1
1505,job,1.0,,,
1505,rocky,,,1.0,0
1505,now,,,1.0,0
1505,he,,,,-1
1505,can,,,,-1
1505,rest,1.0,,,
1804,i,,,,-1
1804,pushed,,1.0,,1
1804,the,,,,-1
1804,clay,1.0,,1.0,
1804,i,,,,-1
1804,looked,,,,-1
1804,around,,,1.0,1
1804,the,,,,-1
1804,classroom,1.0,,1.0,"1,1"
1804,soon,,,1.0,1
1804,it,,,,-1
1804,would,,1.0,,0
1804,be,,,,-1
1804,my,,,,-1
1804,time,,,,-1
1804,to,,,,-1
1804,share,1.0,,1.0,
1804,i,,,,-1
1804,turned,,,1.0,1
1804,back,,,,0
1804,to,,,,-1
1804,my,,,,-1
1804,clay,1.0,,1.0,
1804,and,,,,-1
1804,began,,,1.0,1
1804,to,,,,-1
1804,push,,1.0,,1
1804,again,,1.0,,1
1804,with,,,,-1
1804,a,,,,-1
1804,small,,,,0
1804,ball,,,,0
1804,of,,,,-1
1804,clay,1.0,,1.0,
1804,i,,,,-1
1804,made,,,1.0,0
1804,a,,,,-1
1804,head,,,1.0,1
1804,a,,,,-1
1804,bigger,,,,-1
1804,ball,,,,0
1804,turned,,,1.0,1
1804,into,,1.0,,0
1804,a,,,,-1
1804,body,1.0,,1.0, 
1804,i,,,,-1
1804,rolled,1.0,,1.0,
1804,some,,1.0,,0
1804,clay,1.0,,1.0,
1804,on,,,,-1
1804,the,,,,-1
1804,desk,1.0,,,
1804,to,,,,-1
1804,make,,,,-1
1804,legs,1.0,,,
1804,then,,1.0,,0
1804,i,,,,-1
1804,put,,1.0,,0
1804,my,,,,-1
1804,bug,1.0,,,
1804,together,,1.0,,1
1804,and,,,,-1
1804,i,,,,-1
1804,was,,1.0,,0
1804,ready,,,1.0,1
1804,to,,,,-1
1804,show,,,1.0,0
1804,the,,,,-1
1804,class,,,,1
1807,the,,,,-1
1807,tide,1.0,,1.0,
1807,goes,,,,-1
1807,out,,,,-1
1807,little,,,,-1
1807,pools,1.0,,1.0,
1807,of,,,,-1
1807,water,,,1.0,0
1807,are,,,,-1
1807,left,1.0,,,
1807,behind,1.0,,1.0,
1807,these,,1.0,,1
1807,are,,,,-1
1807,called,1.0,,1.0,
1807,tide,1.0,,1.0,
1807,pools,1.0,,1.0,
1807,we,,,,-1
1807,can,,,,-1
1807,see,,,,-1
1807,what,,,,1
1807,it's,,,,-1
1807,like,,,,-1
1807,under,,,1.0,0
1807,the,,,,-1
1807,sea,,,1.0,1
1807,in,,,,-1
1807,the,,,,-1
1807,pools,1.0,,1.0,
1807,you,,,,-1
1807,can,,,,-1
1807,find,,,,0
1807,plants,1.0,,,
1807,and,,,,-1
1807,small,,,,0
1807,animals,,,,0
1807,some,,1.0,,0
1807,animals,,,,0
1807,swim,,,,0
1807,others,,1.0,,0
1807,hide,,,,-1
1807,under,,,1.0,0
1807,rocks,,,,0
1807,and,,,,-1
1807,plants,1.0,,,
1807,there,,1.0,,0
1807,is,,,,-1
1807,a,,,,-1
1807,lot,,,,0
1807,of,,,,-1
1807,life,1.0,,1.0,
1807,in,,,,-1
1807,the,,,,-1
1807,pool,1.0,,1.0,
1807,when,,,,0
1807,the,,,,-1
1807,tide,1.0,,1.0,
1807,comes,,1.0,,1
1807,back,,,,0
1807,in,,,,-1
1807,the,,,,-1
1807,sea,,,1.0,1
1807,covers,1.0,1.0,,
1807,the,,,,-1
1807,pools,1.0,,1.0,
1807,and,,,,-1
1807,some,,1.0,,0
1807,of,,,,-1
1807,the,,,,-1
1807,animals,,,,0
1807,can,,,,-1
1807,swim,,,,0
1807,away,,,,0
1502,a,,,,-1
1502,cat,,,,-1
1502,takes,,,1.0,0
1502,a,,,,-1
1502,nap,1.0,,,
1502,a,,,,-1
1502,dog,,,,-1
1502,can,,,,-1
1502,nap,1.0,,,
1502,and,,,,-1
1502,so,,,,-1
1502,can,,,,-1
1502,you,,,,-1
1502,but,,,,-1
1502,does,,1.0,,0
1502,a,,,,-1
1502,fish,,,,-1
1502,nap,1.0,,,
1502,a,,,,-1
1502,fish,,,,-1
1502,does,,1.0,,0
1502,not,,,,-1
1502,have,,,,-1
1502,a,,,,-1
1502,bed,,,,0
1502,it,,,,-1
1502,cannot,1.0,,,"-1,-1"
1502,shut,1.0,,,
1502,its,,,,0
1502,eyes,,1.0,,1
1502,when,,,,0
1502,a,,,,-1
1502,fish,,,,-1
1502,takes,,,1.0,0
1502,a,,,,-1
1502,nap,1.0,,,
1502,it,,,,-1
1502,keeps,,,1.0,1
1502,its,,,,0
1502,eyes,,1.0,,1
1502,open,,,1.0,0
1502,a,,,,-1
1502,fish,,,,-1
1502,swims,,,,0
1502,when,,,,0
1502,it,,,,-1
1502,sleeps,,,1.0,0
1502,some,,1.0,,0
1502,fish,,,,-1
1502,hide,,,,-1
1502,when,,,,0
1502,they,,,,-1
1502,sleep,,,1.0,0
1502,after,,,1.0,0
1502,a,,,,-1
1502,fish,,,,-1
1502,naps,1.0,,,
1502,it,,,,-1
1502,looks,,,,-1
1502,for,,,,-1
1502,food,,,1.0,1
1703,summer,1.0,,1.0,
1703,is,,,,-1
1703,here,,,,-1
1703,pat,,,,0
1703,and,,,,-1
1703,danny,1.0,,1.0,
1703,want,,,,-1
1703,to,,,,-1
1703,walk,,,,0
1703,to,,,,-1
1703,the,,,,-1
1703,beach,1.0,,1.0,
1703,don't,,,,-1
1703,forget,1.0,,1.0,
1703,to,,,,-1
1703,pack,1.0,,,
1703,a,,,,-1
1703,snack,1.0,,,
1703,calls,1.0,,,
1703,mom,,,,1
1703,danny,1.0,,1.0,
1703,packs,1.0,,,
1703,some,,1.0,,0
1703,snacks,1.0,,,
1703,don't,,,,-1
1703,forget,1.0,,1.0,
1703,to,,,,-1
1703,pack,1.0,,,
1703,your,,,,-1
1703,hats,1.0,,,
1703,pat,,,,0
1703,packs,1.0,,,
1703,the,,,,-1
1703,hats,1.0,,,
1703,don't,,,,-1
1703,forget,1.0,,1.0,
1703,to,,,,-1
1703,pack,1.0,,,
1703,your,,,,-1
1703,umbrella,1.0,,1.0, 
1703,an,,,,0
1703,umbrella,1.0,,1.0, 
1703,but,,,,-1
1703,it,,,,-1
1703,is,,,,-1
1703,sunny,,,1.0,1
1703,says,1.0,1.0,, 
1703,danny,1.0,,1.0,
1703,mom,,,,1
1703,opens,,,1.0,0
1703,the,,,,-1
1703,door,,1.0,,0
1703,oh,,,,0
1703,no,,,,-1
1703,says,1.0,1.0,, 
1703,pat,,,,0
1703,it,,,,-1
1703,is,,,,-1
1703,raining,,,1.0,0
1703,let's,,,1.0,1
1703,walk,,,,0
1703,in,,,,-1
1703,the,,,,-1
1703,rain,,,1.0,0
1703,with,,,,-1
1703,our,,,1.0,1
1703,umbrellas,1.0,,1.0, 
2001,it,,,,-1
2001,is,,,,-1
2001,a,,,,-1
2001,windy,,1.0,,1
2001,day,,,,-1
2001,jeff,1.0,,,
2001,wants,,,,-1
2001,to,,,,-1
2001,fly,,,,-1
2001,his,,,,0
2001,new,,,1.0,0
2001,kite,,,1.0,1
2001,it,,,,-1
2001,is,,,,-1
2001,red,,,,-1
2001,and,,,,-1
2001,yellow,,,1.0,1
2001,and,,,,-1
2001,has,,,,0
2001,a,,,,-1
2001,long,,,,1
2001,tail,,,1.0,1
2001,his,,,,0
2001,father,,1.0,,0
2001,gave,,,1.0,1
2001,him,,,,0
2001,the,,,,-1
2001,kite,,,1.0,1
2001,for,,,,-1
2001,his,,,,0
2001,birthday,,,1.0,1
2001,he,,,,-1
2001,goes,,,,-1
2001,out,,,,-1
2001,to,,,,-1
2001,the,,,,-1
2001,field,1.0,,1.0,
2001,he,,,,-1
2001,runs,,,,-1
2001,fast,,,,0
2001,and,,,,-1
2001,lets,,,,1
2001,go,,,,-1
2001,of,,,,-1
2001,the,,,,-1
2001,kite,,,1.0,1
2001,it,,,,-1
2001,starts,,,1.0,1
2001,to,,,,-1
2001,fly,,,,-1
2001,he,,,,-1
2001,lets,,,,1
2001,out,,,,-1
2001,more,,,1.0,0
2001,string,1.0,,,
2001,and,,,,-1
2001,the,,,,-1
2001,kite,,,1.0,1
2001,flies,,,,-1
2001,very,,1.0,,0
2001,high,,,1.0,0
2001,jeff,1.0,,,
2001,stops,,,,-1
2001,running,,,,-1
2001,and,,,,-1
2001,watches,,,1.0,1
2001,the,,,,-1
2001,kite,,,1.0,1
2001,dance,,,1.0,1
2001,high,,,1.0,0
2001,in,,,,-1
2001,the,,,,-1
2001,sky,,,1.0,0
350,do,,,,-1
350,you,,,,-1
350,see,,,,-1
350,a,,,,-1
350,face,,,1.0,1
350,on,,,,-1
350,the,,,,-1
350,moon,1.0,,,
350,lots,,,,0
350,of,,,,-1
350,people,,1.0,,0
350,see,,,,-1
350,something,,1.0,,0
350,the,,,,-1
350,man,,,,-1
350,on,,,,-1
350,the,,,,-1
350,moon,1.0,,,
350,is,,,,-1
350,what,,,,1
350,we,,,,-1
350,see,,,,-1
350,in,,,,-1
350,america,1.0,1.0,,
350,in,,,,-1
350,japan,1.0,1.0,,NAME
350,people,,1.0,,0
350,see,,,,-1
350,a,,,,-1
350,rabbit,1.0,,,
350,on,,,,-1
350,the,,,,-1
350,moon,1.0,,,
350,people,,1.0,,0
350,in,,,,-1
350,other,,1.0,,0
350,cultures,1.0,,1.0,
350,see,,,,-1
350,a,,,,-1
350,goddess,1.0,,,
350,or,,,,0
350,a,,,,-1
350,boy,,,,-1
350,picking,1.0,,,
350,up,,,,-1
350,sticks,,,,1
350,the,,,,-1
350,shapes,1.0,,1.0,
350,on,,,,-1
350,the,,,,-1
350,moon,1.0,,,
350,are,,,,-1
350,made,,,,0
350,out,,,,-1
350,of,,,,-1
350,shadows,1.0,,,
350,the,,,,-1
350,moon,1.0,,,
350,is,,,,-1
350,covered,1.0,1.0,,
350,in,,,,-1
350,rocks,,,,0
350,the,,,,-1
350,shadows,1.0,,,
350,made,,,,0
350,by,,,,-1
350,those,,1.0,,1
350,moon,1.0,,,
350,rocks,,,,0
350,can,,,,-1
350,look,,,,-1
350,like,,,,-1
350,a,,,,-1
350,face,,,1.0,1
350,or,,,,0
350,a,,,,-1
350,rabbit,1.0,,,
350,or,,,,0
350,a,,,,-1
350,boy,,,,-1
2203,brian,1.0,,1.0,
2203,loves,,1.0,,1
2203,summer,1.0,,,
2203,camp,1.0,,,
2203,he,,,,-1
2203,goes,,,,-1
2203,every,,1.0,,0
2203,summer,1.0,,,
2203,the,,,,-1
2203,camp,1.0,,,
2203,leaders,1.0,,1.0,
2203,are,,,,-1
2203,very,,1.0,,0
2203,helpful,,,,-1
2203,and,,,,-1
2203,have,,,,-1
2203,lots,,,,0
2203,of,,,,-1
2203,fun,,,,0
2203,ideas,1.0,,1.0,
2203,this,,,,-1
2203,year,1.0,,,
2203,they,,,,-1
2203,went,,,,0
2203,for,,,,-1
2203,an,,,,0
2203,overnight,1.0,,1.0,"0,0"
2203,hike,1.0,,,
2203,to,,,,-1
2203,a,,,,-1
2203,lake,,,,0
2203,on,,,,-1
2203,the,,,,-1
2203,way,,,,0
2203,they,,,,-1
2203,saw,,,,0
2203,two,,1.0,,0
2203,red,,,,-1
2203,foxes,,,1.0,0
2203,playing,,,,-1
2203,in,,,,-1
2203,a,,,,-1
2203,field,1.0,,1.0,
2203,everyone,,1.0,,1
2203,froze,1.0,,,
2203,brian,1.0,,1.0,
2203,took,,,,0
2203,pictures,,,1.0,1
2203,of,,,,-1
2203,the,,,,-1
2203,foxes,,,1.0,0
2203,he,,,,-1
2203,was,,1.0,,0
2203,glad,,,,1
2203,he,,,,-1
2203,brought,1.0,,1.0,
2203,his,,,,0
2203,camera,1.0,,1.0, 
2203,with,,,,-1
2203,him,,,,0
2203,when,,,,0
2203,they,,,,-1
2203,reached,1.0,,,
2203,the,,,,-1
2203,lake,,,,0
2203,they,,,,-1
2203,set,1.0,,,
2203,up,,,,-1
2203,camp,1.0,,,
2203,the,,,,-1
2203,night,,,1.0,0
2203,sky,,,1.0,0
2203,was,,1.0,,0
2203,crystal,1.0,,1.0,
2203,clear,1.0,,,
2203,so,,,,-1
2203,brian,1.0,,1.0,
2203,watched,,,1.0,1
2203,the,,,,-1
2203,stars,,,,1
2203,for,,,,-1
2203,a,,,,-1
2203,long,,,,1
2203,time,,,,-1
2203,until,,,,1
2203,he,,,,-1
2203,fell,,,,1
2203,asleep,1.0,,1.0,
2401,today,,1.0,,0
2401,is,,,,-1
2401,moving,,1.0,,1
2401,day,,,,-1
2401,peter's,1.0,,1.0, 
2401,family,,,1.0,1
2401,is,,,,-1
2401,moving,,1.0,,1
2401,to,,,,-1
2401,a,,,,-1
2401,new,,,,0
2401,house,,,,0
2401,because,,,1.0,1
2401,they,,,,-1
2401,need,,,,0
2401,more,,,,0
2401,room,,,,1
2401,his,,,,0
2401,grandparents,1.0,,1.0, 
2401,are,,,,-1
2401,coming,,1.0,,1
2401,to,,,,-1
2401,live,,1.0,,
2401,with,,,,-1
2401,them,,1.0,,0
2401,peter,1.0,,1.0, 
2401,is,,,,-1
2401,excited,1.0,,1.0,
2401,about,,,1.0,0
2401,moving,,1.0,,1
2401,because,,,1.0,1
2401,the,,,,-1
2401,new,,,,0
2401,house,,,,0
2401,is,,,,-1
2401,close,,,,1
2401,to,,,,-1
2401,the,,,,-1
2401,school,,,1.0,0
2401,he,,,,-1
2401,can,,,,-1
2401,walk,,,,0
2401,to,,,,-1
2401,school,,,1.0,0
2401,now,,,,0
2401,instead,1.0,,, 
2401,of,,,,-1
2401,riding,,,,-1
2401,the,,,,-1
2401,bus,,,,1
2401,there,,1.0,,0
2401,is,,,,-1
2401,a,,,,-1
2401,work,,,1.0,0
2401,shed,1.0,,,
2401,in,,,,-1
2401,the,,,,-1
2401,back,,,,0
2401,where,,,,-1
2401,he,,,,-1
2401,and,,,,-1
2401,grandpa,1.0,,, 
2401,can,,,,-1
2401,work,,,1.0,0
2401,together,,1.0,,1
2401,on,,,,-1
2401,wood,,,,1
2401,projects,1.0,,,
2401,peter,1.0,,1.0, 
2401,hopes,1.0,,1.0,
2401,they,,,,-1
2401,can,,,,-1
2401,build,1.0,1.0,,
2401,a,,,,-1
2401,tree,,,,0
2401,house,,,,0
2401,in,,,,-1
2401,the,,,,-1
2401,large,1.0,,1.0,
2401,oak,1.0,,,
2401,tree,,,,0
330,sam,1.0,,,
330,and,,,,-1
330,jo,1.0,,1.0,
330,went,,,,0
330,for,,,,-1
330,a,,,,-1
330,hike,1.0,,,
330,they,,,,-1
330,took,,,,0
330,a,,,,-1
330,path,1.0,,,
330,through,1.0,1.0,,
330,the,,,,-1
330,woods,,,,1
330,suddenly,1.0,,1.0,
330,sam,1.0,,,
330,heard,,1.0,,1
330,a,,,,-1
330,noise,,,,1
330,coming,,1.0,,1
330,from,,,,-1
330,the,,,,-1
330,tree,,,,0
330,above,1.0,1.0,,
330,their,,1.0,,1
330,heads,1.0,,,
330,jo,1.0,,1.0,
330,climbed,1.0,1.0,,
330,up,,,,-1
330,to,,,,-1
330,see,,,,-1
330,what,,,,1
330,the,,,,-1
330,noise,,,,1
330,was,,1.0,,0
330,and,,,,-1
330,found,,,,0
330,two,,1.0,,0
330,baby,1.0,,1.0,
330,squirrels,,,,1
330,the,,,,-1
330,babies,1.0,,1.0, 
330,were,,1.0,,0
330,alone,,,1.0,1
330,but,,,,-1
330,their,,1.0,,1
330,mother,,1.0,,0
330,must,,,,0
330,be,,,,-1
330,somewhere,1.0,1.0,,"0,-1"
330,near,,,,1
330,the,,,,-1
330,children,,,,1
330,watched,,,1.0,1
330,and,,,,-1
330,waited,,,,0
330,sure,1.0,1.0,, 
330,enough,1.0,1.0,,
330,the,,,,-1
330,mother,,1.0,,0
330,soon,,,,1
330,returned,1.0,,1.0, 
330,with,,,,-1
330,a,,,,-1
330,mouthful,1.0,,1.0,
330,of,,,,-1
330,nuts,1.0,,,
330,the,,,,-1
330,noises,,,1.0,1
330,stopped,,,,-1
330,as,,,,0
330,the,,,,-1
330,baby,1.0,,1.0,
330,squirrels,,,,1
330,began,,,1.0,1
330,to,,,,-1
330,eat,,,,0
330,sam,1.0,,,
330,and,,,,-1
330,jo,1.0,,1.0,
330,smiled,,,1.0,1
330,knowing,,,1.0,0
330,the,,,,-1
330,squirrels,,,,1
330,were,,1.0,,0
330,safe,1.0,,,
330,with,,,,-1
330,their,,1.0,,1
330,mother,,1.0,,0
2201,how,,,,0
2201,do,,,,-1
2201,plants,1.0,,,
2201,find,,,,0
2201,homes,,,,-1
2201,i,,,,-1
2201,saw,,,,0
2201,a,,,,-1
2201,flower,,,1.0,1
2201,growing,,,,1
2201,in,,,,-1
2201,a,,,,-1
2201,sidewalk,1.0,,,"1,0"
2201,i,,,,-1
2201,wondered,1.0,,1.0, 
2201,how,,,,0
2201,the,,,,-1
2201,plant,,,,0
2201,got,,,,0
2201,there,,1.0,,0
2201,seeds,1.0,,,
2201,travel,1.0,,,
2201,in,,,,-1
2201,different,1.0,,, 
2201,ways,,,,0
2201,some,,1.0,,0
2201,seeds,1.0,,,
2201,just,,,,0
2201,drop,1.0,,,
2201,to,,,,-1
2201,the,,,,-1
2201,ground,,,,1
2201,the,,,,-1
2201,wind,,1.0,,1
2201,or,,,,0
2201,birds,,,,0
2201,carry,1.0,,1.0,
2201,seeds,1.0,,,
2201,to,,,,-1
2201,new,,,,0
2201,places,,,1.0,0
2201,nearby,1.0,,1.0,"1, -1"
2201,or,,,,0
2201,far,,,,1
2201,away,,,,0
2201,water,,,1.0,0
2201,can,,,,-1
2201,take,,,,0
2201,seeds,1.0,,,
2201,on,,,,-1
2201,a,,,,-1
2201,journey,1.0,1.0,, 
2201,some,,1.0,,0
2201,animals,,,,0
2201,hide,,,,-1
2201,seeds,1.0,,,
2201,in,,,,-1
2201,the,,,,-1
2201,ground,,,,1
2201,seeds,1.0,,,
2201,can,,,,-1
2201,stick,,,,1
2201,to,,,,-1
2201,an,,,,0
2201,animal's,,,1.0,0
2201,fur,1.0,,,
2201,or,,,,0
2201,to,,,,-1
2201,a,,,,-1
2201,person's,1.0,,1.0,
2201,socks,1.0,,,
2201,when,,,,0
2201,the,,,,-1
2201,seeds,1.0,,,
2201,fall,,,,0
2201,on,,,,-1
2201,the,,,,-1
2201,ground,,,,1
2201,they,,,,-1
2201,wait,,,,0
2201,for,,,,-1
2201,sun,,,,0
2201,and,,,,-1
2201,water,,,1.0,0
2201,to,,,,-1
2201,grow,,,,0
2202,room,,,,1
2202,six,,,,1
2202,is,,,,-1
2202,learning,1.0,1.0,,
2202,to,,,,-1
2202,grow,,,,0
2202,plants,1.0,,,
2202,each,,,,0
2202,student,1.0,,1.0, 
2202,has,,,,0
2202,a,,,,-1
2202,plant,,,,0
2202,and,,,,-1
2202,a,,,,-1
2202,pot,,,,1
2202,the,,,,-1
2202,kids,1.0,,,
2202,will,,,,-1
2202,learn,1.0,1.0,,
2202,to,,,,-1
2202,take,,,,0
2202,care,,,,1
2202,of,,,,-1
2202,the,,,,-1
2202,houseplants,1.0,,,"0,0"
2202,as,,,,0
2202,they,,,,-1
2202,grow,,,,0
2202,everyday,1.0,1.0,,"0,-1"
2202,they,,,,-1
2202,will,,,,-1
2202,write,1.0,,1.0,
2202,in,,,,-1
2202,their,,1.0,,1
2202,journals,1.0,1.0,, 
2202,as,,,,0
2202,they,,,,-1
2202,learn,1.0,1.0,,
2202,about,,,1.0,0
2202,the,,,,-1
2202,needs,,,,0
2202,of,,,,-1
2202,their,,1.0,,1
2202,plants,1.0,,,
2202,at,,,,-1
2202,the,,,,-1
2202,end,,,,0
2202,of,,,,-1
2202,the,,,,-1
2202,school,,,1.0,0
2202,year,1.0,,,
2202,they,,,,-1
2202,will,,,,-1
2202,take,,,,0
2202,their,,1.0,,1
2202,plants,1.0,,,
2202,home,,,,-1
2202,but,,,,-1
2202,for,,,,-1
2202,now,,,,0
2202,the,,,,-1
2202,classroom,1.0,,,"1,1"
2202,is,,,,-1
2202,much,,,,0
2202,greener,,,1.0,0
2202,with,,,,-1
2202,so,,,,-1
2202,many,,1.0,,0
2202,different,1.0,,, 
2202,plants,1.0,,,
2202,around,,,1.0,1
2202,the,,,,-1
2202,room,,,,1
310,meg,1.0,,,
310,wanted,,,,-1
310,to,,,,-1
310,bake,,,,1
310,a,,,,-1
310,pie,1.0,,1.0, 
310,she,,,,-1
310,asked,,,,0
310,her,,,,0
310,mother,,1.0,,0
310,for,,,,-1
310,help,,,,-1
310,they,,,,-1
310,measured,1.0,,1.0,
310,the,,,,-1
310,flour,1.0,,,
310,sugar,1.0,1.0,,
310,and,,,,-1
310,butter,1.0,,,
310,for,,,,-1
310,the,,,,-1
310,crust,1.0,,,
310,her,,,,0
310,mother,,1.0,,0
310,showed,,,,0
310,her,,,,0
310,how,,,,0
310,to,,,,-1
310,roll,1.0,,,
310,out,,,,-1
310,the,,,,-1
310,crust,1.0,,,
310,meg,1.0,,,
310,sliced,1.0,,1.0,
310,the,,,,-1
310,apples,,,1.0,1
310,and,,,,-1
310,put,,1.0,,0
310,them,,1.0,,0
310,in,,,,-1
310,the,,,,-1
310,pie,1.0,,1.0, 
310,pan,1.0,,,
310,they,,,,-1
310,put,,1.0,,0
310,the,,,,-1
310,pie,1.0,,1.0, 
310,in,,,,-1
310,the,,,,-1
310,hot,,,,0
310,oven,1.0,1.0,, 
310,and,,,,-1
310,waited,,,,0
310,forty,,,,
310,five,,,,0
310,minutes,,1.0,,
310,as,,,,0
310,the,,,,-1
310,pie,1.0,,1.0, 
310,baked,,,1.0,1
310,a,,,,-1
310,delicious,1.0,,1.0,
310,smell,,,,1
310,filled,,,,1
310,the,,,,-1
310,kitchen,1.0,,1.0,
310,when,,,,0
310,the,,,,-1
310,timer,,,,-1
310,rang,1.0,,,
310,they,,,,-1
310,took,,,,0
310,the,,,,-1
310,pie,1.0,,1.0, 
310,out,,,,-1
310,of,,,,-1
310,the,,,,-1
310,oven,1.0,1.0,, 
310,and,,,,-1
310,set,1.0,,,
310,it,,,,-1
310,on,,,,-1
310,the,,,,-1
310,window,,,,0
310,sill,1.0,,,
310,to,,,,-1
310,cool,1.0,,,
2102,have,,,,-1
2102,you,,,,-1
2102,seen,,,,1
2102,a,,,,-1
2102,mound,1.0,,,
2102,of,,,,-1
2102,dirt,1.0,,,
2102,in,,,,-1
2102,the,,,,-1
2102,middle,1.0,,1.0,
2102,of,,,,-1
2102,a,,,,-1
2102,lawn,1.0,,,
2102,it,,,,-1
2102,may,,,,0
2102,be,,,,-1
2102,made,,,,0
2102,by,,,,-1
2102,a,,,,-1
2102,small,,,,0
2102,furry,1.0,,1.0,
2102,animal,,,,0
2102,called,1.0,,,
2102,a,,,,-1
2102,mole,1.0,,,
2102,moles,1.0,,1.0,
2102,are,,,,-1
2102,about,,,1.0,0
2102,six,,,,1
2102,inches,1.0,,,
2102,long,,,,1
2102,they,,,,-1
2102,have,,,,-1
2102,tiny,1.0,,1.0,
2102,eyes,,1.0,,1
2102,because,,,1.0,1
2102,they,,,,-1
2102,don't,,,,-1
2102,have,,,,-1
2102,to,,,,-1
2102,see,,,,-1
2102,well,,,,0
2102,under,,,,0
2102,the,,,,-1
2102,ground,,,,1
2102,they,,,,-1
2102,have,,,,-1
2102,a,,,,-1
2102,long,,,,1
2102,pointed,1.0,,,
2102,nose,,,,1
2102,and,,,,-1
2102,strong,1.0,,,
2102,legs,1.0,,,
2102,they,,,,-1
2102,use,,,,1
2102,their,,1.0,,1
2102,sharp,1.0,,,
2102,claws,1.0,,,
2102,to,,,,-1
2102,dig,1.0,,,
2102,tunnels,1.0,,, 
2102,under,,,,0
2102,the,,,,-1
2102,ground,,,,1
2102,they,,,,-1
2102,are,,,,-1
2102,among,1.0,1.0,,
2102,the,,,,-1
2102,best,,,,1
2102,diggers,1.0,,1.0,
2102,in,,,,-1
2102,the,,,,-1
2102,animal,,,,0
2102,world,1.0,,1.0,
2302,amy,1.0,,1.0,
2302,and,,,,-1
2302,brad,1.0,,,
2302,went,,,,0
2302,biking,,,1.0,1
2302,they,,,,-1
2302,stopped,,,,-1
2302,at,,,,-1
2302,a,,,,-1
2302,pond,1.0,,,
2302,they,,,,-1
2302,looked,,,,-1
2302,into,,1.0,,0
2302,the,,,,-1
2302,water,,,1.0,0
2302,and,,,,-1
2302,saw,,,,0
2302,what,,,,1
2302,looked,,,,-1
2302,like,,,,-1
2302,a,,,,-1
2302,pile,1.0,,,
2302,of,,,,-1
2302,jelly,1.0,,1.0,
2302,it,,,,-1
2302,was,,1.0,,0
2302,covered,1.0,1.0,,
2302,with,,,,-1
2302,black,,,,1
2302,dots,1.0,,,
2302,amy,1.0,,1.0,
2302,took,,,,0
2302,a,,,,-1
2302,leaf,1.0,,,
2302,to,,,,-1
2302,collect,1.0,,1.0,
2302,some,,1.0,,0
2302,of,,,,-1
2302,the,,,,-1
2302,strange,1.0,,1.0,
2302,jelly,1.0,,1.0,
2302,when,,,,0
2302,they,,,,-1
2302,brought,1.0,,1.0,
2302,it,,,,-1
2302,home,,,,-1
2302,their,,1.0,,1
2302,mother,,1.0,,0
2302,explained,1.0,,,
2302,that,,,,-1
2302,the,,,,-1
2302,jelly,1.0,,1.0,
2302,was,,1.0,,0
2302,just,,,,0
2302,frog,,,,0
2302,eggs,1.0,,,
2302,the,,,,-1
2302,kids,1.0,,,
2302,left,1.0,,,
2302,the,,,,-1
2302,leaf,1.0,,,
2302,in,,,,-1
2302,some,,1.0,,0
2302,water,,,1.0,0
2302,for,,,,-1
2302,a,,,,-1
2302,few,1.0,,,
2302,days,,,,-1
2302,the,,,,-1
2302,black,,,,1
2302,spots,1.0,,,
2302,grew,,,,1
2302,until,,,,1
2302,they,,,,-1
2302,turned,,,,1
2302,into,,1.0,,0
2302,tadpoles,1.0,,1.0,
2302,swimming,,,1.0,0
2302,around,,,1.0,1
2302,in,,,,-1
2302,the,,,,-1
2302,water,,,1.0,0
420,an,,,,0
420,hour,1.0,1.0,, 
420,ago,,,,1
420,the,,,,-1
420,sun,,,,0
420,was,,1.0,,0
420,bright,1.0,,,
420,the,,,,-1
420,sky,,,,0
420,had,,,,0
420,been,,1.0,,1
420,its,,,,0
420,familiar,1.0,1.0,, 
420,blue,,,,-1
420,but,,,,-1
420,now,,,,0
420,it,,,,-1
420,is,,,,-1
420,nearly,,,,1
420,dark,,,,1
420,at,,,,-1
420,three,,,,0
420,pm,,1.0,, 1
420,a,,,,-1
420,solar,1.0,,,
420,eclipse,1.0,,, 
420,is,,,,-1
420,causing,1.0,,1.0,
420,this,,,,-1
420,unusual,1.0,,1.0, 
420,event,1.0,,,
420,the,,,,-1
420,moon,1.0,,,
420,is,,,,-1
420,passing,1.0,,,
420,between,1.0,,, 
420,the,,,,-1
420,earth,1.0,1.0,,
420,and,,,,-1
420,sun,,,,0
420,blocking,1.0,,,
420,most,,,,1
420,of,,,,-1
420,the,,,,-1
420,sunlight,1.0,,,"0,1"
420,for,,,,-1
420,about,,,,0
420,eight,1.0,,,
420,minutes,1.0,1.0,,
420,only,,1.0,,1
420,a,,,,-1
420,small,,,,0
420,part,,,,1
420,of,,,,-1
420,the,,,,-1
420,earth,1.0,1.0,,
420,will,,,,-1
420,see,,,,-1
420,this,,,,-1
420,solar,1.0,,,
420,eclipse,1.0,,, 
420,long,,,,1
420,ago,,,,1
420,people,,1.0,,0
420,were,,1.0,,0
420,afraid,1.0,,,
420,of,,,,-1
420,eclipses,1.0,,, 
420,they,,,,-1
420,thought,,,1.0,0
420,the,,,,-1
420,world,1.0,,1.0,
420,was,,1.0,,0
420,ending,,,,0
420,now,,,,0
420,we,,,,-1
420,know,,,1.0,0
420,the,,,,-1
420,moon,1.0,,,
420,will,,,,-1
420,continue,1.0,,,
420,on,,,,-1
420,its,,,,0
420,path,1.0,,,
420,and,,,,-1
420,sunlight,1.0,,,"0,1"
420,will,,,,-1
420,return,1.0,,, 
420,shortly,1.0,,,
2403,it,,,,-1
2403,hadn't,,,,0
2403,rained,,,,0
2403,lately,1.0,,,
2403,alex,1.0,,,
2403,went,,,,0
2403,out,,,,-1
2403,to,,,,-1
2403,water,,,1.0,0
2403,the,,,,-1
2403,plants,1.0,,,
2403,in,,,,-1
2403,the,,,,-1
2403,garden,1.0,,,
2403,he,,,,-1
2403,saw,,,,0
2403,white,,,,1
2403,flakes,1.0,,,
2403,floating,1.0,,,
2403,around,,,,1
2403,the,,,,-1
2403,plants,1.0,,,
2403,could,,1.0,,0
2403,they,,,,-1
2403,be,,,,-1
2403,snowflakes,1.0,,,"1,D"
2403,not,,,,-1
2403,in,,,,-1
2403,the,,,,-1
2403,summer,1.0,,,
2403,they,,,,-1
2403,couldn't,,1.0,,1
2403,they,,,,-1
2403,reminded,1.0,,, 
2403,him,,,,0
2403,of,,,,-1
2403,flower,,,,1
2403,petals,1.0,,,
2403,but,,,,-1
2403,they,,,,-1
2403,were,,1.0,,0
2403,actually,1.0,,1.0, 
2403,little,,,,-1
2403,white,,,,1
2403,butterflies,1.0,,1.0, 
2403,they,,,,-1
2403,flew,1.0,,,
2403,around,,,,1
2403,the,,,,-1
2403,garden,1.0,,,
2403,landing,1.0,,,
2403,gently,1.0,,1.0,
2403,on,,,,-1
2403,leaves,1.0,,,
2403,instead,1.0,,, 
2403,of,,,,-1
2403,eating,,,,0
2403,the,,,,-1
2403,plants,1.0,,,
2403,they,,,,-1
2403,left,1.0,,,
2403,tiny,1.0,,,
2403,green,,,,0
2403,eggs,1.0,,,
2403,on,,,,-1
2403,the,,,,-1
2403,leaves,1.0,,,
2403,that,,,,-1
2403,way,,,,0
2403,when,,,,0
2403,the,,,,-1
2403,eggs,1.0,,,
2403,hatched,1.0,,,
2403,the,,,,-1
2403,baby,1.0,,,
2403,caterpillars,1.0,,, 
2403,would,,1.0,,0
2403,have,,,,-1
2403,food,,,,1
2701,lily's,1.0,,,
2701,grandparents,1.0,,, 
2701,are,,,,-1
2701,quite,1.0,,,
2701,old,,,,-1
2701,at,,,,-1
2701,family,,,,1
2701,events,1.0,,,
2701,the,,,,-1
2701,old,,,,-1
2701,folks,1.0,1.0,,
2701,just,,,,0
2701,sit,,,,-1
2701,around,,,,1
2701,and,,,,-1
2701,talk,,,,0
2701,lily's,1.0,,,
2701,not,,,,-1
2701,very,,1.0,,0
2701,interested,1.0,,, 
2701,in,,,,-1
2701,listening,1.0,1.0,,
2701,to,,,,-1
2701,their,,1.0,,1
2701,old,,,,-1
2701,stories,,,1.0,1
2701,now,,,,0
2701,her,,,,0
2701,class,,,,1
2701,is,,,,-1
2701,learning,1.0,1.0,,
2701,about,,,,0
2701,how,,,,0
2701,life,1.0,,,
2701,was,,1.0,,0
2701,different,1.0,,, 
2701,in,,,,-1
2701,the,,,,-1
2701,old,,,,-1
2701,days,,,,-1
2701,she,,,,-1
2701,needs,,,,0
2701,to,,,,-1
2701,interview,1.0,,, 
2701,a,,,,-1
2701,relative,1.0,,, 
2701,and,,,,-1
2701,find,,,,0
2701,out,,,,-1
2701,one,,1.0,,0
2701,thing,,,,-1
2701,that,,,,-1
2701,they,,,,-1
2701,needed,,,,0
2701,daily,1.0,,, 
2701,but,,,,-1
2701,that,,,,-1
2701,was,,1.0,,0
2701,hard,1.0,,,
2701,to,,,,-1
2701,get,,,,-1
2701,when,,,,0
2701,she,,,,-1
2701,asks,,,,0
2701,her,,,,0
2701,grandfather,1.0,,,"D,0"
2701,he,,,,-1
2701,says,1.0,1.0,, 
2701,he,,,,-1
2701,doesn't,,1.0,,1
2701,want,,,,-1
2701,to,,,,-1
2701,discuss,1.0,,,
2701,the,,,,-1
2701,old,,,,-1
2701,days,,,,-1
2701,but,,,,-1
2701,her,,,,0
2701,grandmother,1.0,,,"D,0"
2701,has,,,,0
2701,lots,,,,0
2701,of,,,,-1
2701,information,1.0,,, 
2701,to,,,,-1
2701,share,1.0,,,
2701,when,,,,0
2701,she,,,,-1
2701,was,,1.0,,0
2701,young,1.0,1.0,,
2701,they,,,,-1
2701,had,,,,0
2701,no,,,,-1
2701,running,,,,-1
2701,water,,,1.0,0
2701,on,,,,-1
2701,their,,1.0,,1
2701,farm,1.0,,,
2701,her,,,,0
2701,job,1.0,,,
2701,was,,1.0,,0
2701,to,,,,-1
2701,fetch,1.0,,,
2701,water,,,1.0,0
2701,from,,,,-1
2701,the,,,,-1
2701,well,,,,0
2701,or,,,,0
2701,stream,1.0,,,
2701,several,1.0,,1.0, 
2701,times,,,,-1
2701,a,,,,-1
2701,day,,,,-1
2701,even,,,,1
2701,in,,,,-1
2701,the,,,,-1
2701,freezing,1.0,,1.0,
2701,winter,,,,1
320,zack,1.0,,,
320,sat,,,,0
320,down,,,,-1
320,in,,,,-1
320,his,,,,0
320,chair,,,,1
320,it,,,,-1
320,was,,1.0,,0
320,time,,,,-1
320,for,,,,-1
320,class,,,,1
320,the,,,,-1
320,teacher,,,,1
320,asked,,,,0
320,for,,,,-1
320,last,,,,0
320,night's,,,,0
320,homework,1.0,,1.0,"-1,0"
320,zack,1.0,,,
320,opened,,,,0
320,his,,,,0
320,backpack,1.0,,,"0,D"
320,to,,,,-1
320,take,,,,0
320,out,,,,-1
320,his,,,,0
320,homework,1.0,,1.0,"-1,0"
320,folder,1.0,,,
320,his,,,,0
320,homework,1.0,,1.0,"-1,0"
320,folder,1.0,,,
320,wasn't,,1.0,,1
320,in,,,,-1
320,it,,,,-1
320,his,,,,0
320,recorder,1.0,,, 
320,was,,1.0,,0
320,gone,,1.0,,1
320,too,,,,-1
320,in,,,,-1
320,the,,,,-1
320,backpack,1.0,,,"0,D"
320,there,,1.0,,0
320,was,,1.0,,0
320,a,,,,-1
320,science,1.0,,1.0, 
320,book,,,,-1
320,and,,,,-1
320,a,,,,-1
320,math,1.0,,,
320,book,,,,-1
320,they,,,,-1
320,were,,1.0,,0
320,both,1.0,1.0,,
320,too,,,,-1
320,hard,1.0,,,
320,for,,,,-1
320,zack,1.0,,,
320,there,,1.0,,0
320,was,,1.0,,0
320,a,,,,-1
320,piece,1.0,,,
320,of,,,,-1
320,homework,1.0,,1.0,"-1,0"
320,inside,,,,1
320,a,,,,-1
320,green,,,,0
320,folder,1.0,,,
320,the,,,,-1
320,name,,,,0
320,on,,,,-1
320,it,,,,-1
320,said,,,,-1
320,jason,1.0,,,
320,zack,1.0,,,
320,must,,,,0
320,have,,,,-1
320,taken,,,1.0,0
320,his,,,,0
320,brother's,,1.0,,1
320,identical,1.0,,1.0,
320,backpack,1.0,,,"0,D"
320,while,,,,1
320,hurrying,1.0,,,
320,out,,,,-1
320,the,,,,-1
320,door,,1.0,,0
320,this,,,,-1
320,morning,,,,1
450,rules,1.0,,,
450,are,,,,-1
450,strict,1.0,,,
450,at,,,,-1
450,peter's,1.0,,, 
450,house,,,,0
450,each,,,,0
450,day,,,,-1
450,peter,1.0,,, 
450,gets,,,,-1
450,just,,,,0
450,one,,1.0,,0
450,hour,1.0,1.0,, 
450,of,,,,-1
450,screen,1.0,,,
450,time,,,,-1
450,it,,,,-1
450,could,,1.0,,0
450,be,,,,-1
450,on,,,,-1
450,a,,,,-1
450,computer,1.0,,1.0, 
450,or,,,,0
450,on,,,,-1
450,tv,,1.0,,1
450,kayla's,1.0,,, 
450,parents,1.0,,,
450,say,,,,-1
450,that,,,,-1
450,she,,,,-1
450,can,,,,-1
450,watch,,,1.0,1
450,television,1.0,,, 
450,as,,,,0
450,much,,,,0
450,as,,,,0
450,she,,,,-1
450,wants,,,,-1
450,as,,,,0
450,long,,,,1
450,as,,,,0
450,she,,,,-1
450,finishes,1.0,,,
450,her,,,,0
450,homework,1.0,,1.0,"-1,0"
450,why,,,,0
450,can't,,,,-1
450,all,,,,-1
450,parents,1.0,,,
450,be,,,,-1
450,on,,,,-1
450,the,,,,-1
450,same,,,,0
450,page,1.0,,,
450,both,1.0,1.0,,
450,peter,1.0,,, 
450,and,,,,-1
450,kayla,1.0,,, 
450,are,,,,-1
450,doing,,,,-1
450,well,,,,0
450,with,,,,-1
450,school,,,1.0,0
450,work,,,1.0,0
450,and,,,,-1
450,they,,,,-1
450,follow,1.0,,,
450,the,,,,-1
450,same,,,,0
450,rules,1.0,,,
450,at,,,,-1
450,school,,,1.0,0
450,because,,,,1
450,of,,,,-1
450,the,,,,-1
450,rules,1.0,,,
450,at,,,,-1
450,peter's,1.0,,, 
450,house,,,,0
450,he,,,,-1
450,plays,,,,-1
450,outside,1.0,,,"-1,1"
450,more,,,,0
450,often,1.0,,,
450,than,,1.0,,1
450,kayla,1.0,,, 
450,does,,1.0,,0
2503,a,,,,-1
2503,jellyfish,1.0,,,
2503,is,,,,-1
2503,a,,,,-1
2503,very,,1.0,,0
2503,strange,1.0,,,
2503,creature,1.0,,1.0,
2503,it,,,,-1
2503,is,,,,-1
2503,a,,,,-1
2503,sea,,,,1
2503,animal,,,,0
2503,that,,,,-1
2503,lives,,1.0,,0
2503,in,,,,-1
2503,our,,,,1
2503,oceans,1.0,1.0,,
2503,unlike,,,,-1
2503,fish,,,,-1
2503,jellyfish,1.0,,,
2503,have,,,,-1
2503,no,,,,-1
2503,brain,1.0,,,
2503,heart,1.0,1.0,, 
2503,or,,,,0
2503,bones,,,1.0,1
2503,they,,,,-1
2503,drift,1.0,,,
2503,with,,,,-1
2503,the,,,,-1
2503,ocean,1.0,1.0,,
2503,because,,,,1
2503,they,,,,-1
2503,have,,,,-1
2503,no,,,,-1
2503,way,,,,0
2503,to,,,,-1
2503,steer,1.0,,,
2503,some,,1.0,,0
2503,jellyfish,1.0,,,
2503,are,,,,-1
2503,the,,,,-1
2503,size,1.0,,,
2503,of,,,,-1
2503,your,,,,-1
2503,thumbnail,1.0,,1.0,
2503,and,,,,-1
2503,some,,1.0,,0
2503,can,,,,-1
2503,grow,,,,0
2503,as,,,,0
2503,long,,,,1
2503,as,,,,0
2503,fifty,1.0,,,
2503,feet,,,,0
2503,they,,,,-1
2503,catch,1.0,,,
2503,food,,,,1
2503,in,,,,-1
2503,their,,1.0,,1
2503,tentacles,1.0,,, 
2503,as,,,,0
2503,they,,,,-1
2503,slowly,,,,0
2503,float,1.0,,,
2503,along,,,,1
2503,they,,,,-1
2503,are,,,,-1
2503,beautiful,,1.0,,1
2503,to,,,,-1
2503,watch,,,1.0,1
2503,but,,,,-1
2503,their,,1.0,,1
2503,painful,1.0,,,
2503,sting,1.0,,,
2503,makes,,,,-1
2503,them,,1.0,,0
2503,an,,,,0
2503,unpleasant,1.0,,, 
2503,swimming,,,1.0,0
2503,hazard,1.0,,,
410,emma,1.0,,, 
410,loves,,1.0,,1
410,saturday,1.0,,, 
410,mornings,,,,1
410,her,,,,0
410,parents,1.0,,,
410,go,,,,-1
410,to,,,,-1
410,work,,,1.0,0
410,so,,,,-1
410,emma,1.0,,, 
410,spends,1.0,,,
410,time,,,,-1
410,with,,,,-1
410,ms,1.0,1.0,,
410,brown,,,,1
410,who,,,,-1
410,lives,,1.0,,0
410,next,,,,0
410,door,,1.0,,0
410,ms,1.0,1.0,,
410,brown,,,,1
410,always,,,,1
410,has,,,,0
410,a,,,,-1
410,jigsaw,1.0,,,
410,puzzle,1.0,,,
410,on,,,,-1
410,her,,,,0
410,table,,,,1
410,emma,1.0,,, 
410,loves,,1.0,,1
410,working,,,1.0,0
410,on,,,,-1
410,the,,,,-1
410,puzzles,1.0,,,
410,with,,,,-1
410,her,,,,0
410,when,,,,0
410,emma,1.0,,, 
410,was,,1.0,,0
410,little,,,,-1
410,ms,1.0,1.0,,
410,brown,,,,1
410,had,,,,0
410,small,,,,0
410,puzzles,1.0,,,
410,with,,,,-1
410,big,,,,-1
410,pieces,1.0,,,
410,but,,,,-1
410,now,,,,0
410,that,,,,-1
410,emma,1.0,,, 
410,is,,,,-1
410,in,,,,-1
410,sixth,1.0,,,
410,grade,1.0,,,
410,they,,,,-1
410,work,,,1.0,0
410,together,,1.0,,1
410,on,,,,-1
410,large,1.0,,,
410,puzzles,1.0,,,
410,with,,,,-1
410,hundreds,1.0,,,
410,of,,,,-1
410,very,,1.0,,0
410,small,,,,0
410,pieces,1.0,,,
2101,jill,1.0,,,
2101,and,,,,-1
2101,sam,1.0,,,
2101,stood,1.0,,,
2101,in,,,,-1
2101,the,,,,-1
2101,snow,,,,1
2101,they,,,,-1
2101,watched,,,1.0,1
2101,the,,,,-1
2101,snowflakes,1.0,,,"1,D"
2101,falling,1.0,,,
2101,first,,,,1
2101,they,,,,-1
2101,caught,1.0,,1.0, 
2101,snowflakes,1.0,,,"1,D"
2101,in,,,,-1
2101,their,,1.0,,1
2101,mouths,1.0,,,
2101,then,,1.0,,0
2101,jill,1.0,,,
2101,looked,,,,-1
2101,at,,,,-1
2101,the,,,,-1
2101,snowflakes,1.0,,,"1,D"
2101,on,,,,-1
2101,her,,,,0
2101,sleeve,1.0,,,
2101,she,,,,-1
2101,wondered,1.0,,1.0, 
2101,if,,,,0
2101,the,,,,-1
2101,snowflakes,1.0,,,"1,D"
2101,were,,1.0,,0
2101,all,,,,-1
2101,the,,,,-1
2101,same,,,,0
2101,sam,1.0,,,
2101,ran,,,,0
2101,inside,,,,1
2101,and,,,,-1
2101,came,,,,-1
2101,back,,,,0
2101,with,,,,-1
2101,a,,,,-1
2101,magnifying,1.0,,, 
2101,glass,,,,1
2101,when,,,,0
2101,they,,,,-1
2101,looked,,,,-1
2101,through,1.0,1.0,,
2101,it,,,,-1
2101,they,,,,-1
2101,saw,,,,0
2101,that,,,,-1
2101,the,,,,-1
2101,snowflakes,1.0,,,"1,D"
2101,had,,,,0
2101,six,,,,1
2101,points,1.0,,,
2101,the,,,,-1
2101,snowflakes,1.0,,,"1,D"
2101,looked,,,,-1
2101,like,,,,-1
2101,tiny,1.0,,,
2101,sparkling,1.0,,1.0,
2101,stars,,,,1
2101,each,,,,0
2101,one,,1.0,,0
2101,different,1.0,,, 
2101,from,,,,-1
2101,the,,,,-1
2101,next,,,,0
2504,sharks,1.0,,,
2504,are,,,,-1
2504,curious,1.0,,1.0,
2504,fish,,,,-1
2504,they,,,,-1
2504,want,,,,-1
2504,to,,,,-1
2504,know,,,1.0,0
2504,what's,,1.0,,1
2504,in,,,,-1
2504,the,,,,-1
2504,water,,,1.0,0
2504,with,,,,-1
2504,them,,1.0,,0
2504,sharks,1.0,,,
2504,learn,1.0,1.0,,
2504,by,,,,-1
2504,smelling,,,,1
2504,and,,,,-1
2504,tasting,1.0,,1.0,
2504,they,,,,-1
2504,bite,,,,1
2504,things,,,,-1
2504,to,,,,-1
2504,learn,1.0,1.0,,
2504,what,,,,1
2504,they,,,,-1
2504,are,,,,-1
2504,if,,,,0
2504,something,,1.0,,0
2504,tastes,1.0,,,
2504,bad,,,,0
2504,a,,,,-1
2504,shark,1.0,,,
2504,doesn't,,1.0,,1
2504,want,,,,-1
2504,it,,,,-1
2504,sharks,1.0,,,
2504,think,,,,0
2504,people,,1.0,,0
2504,taste,1.0,,1.0,
2504,very,,1.0,,0
2504,bad,,,,0
2504,so,,,,-1
2504,they,,,,-1
2504,generally,1.0,,1.0,
2504,don't,,,,-1
2504,want,,,,-1
2504,to,,,,-1
2504,eat,,,,0
2504,people,,1.0,,0
2504,there,,1.0,,0
2504,are,,,,-1
2504,many,,1.0,,0
2504,scary,1.0,,,
2504,movies,1.0,1.0,, 
2504,about,,,,0
2504,sharks,1.0,,,
2504,that,,,,-1
2504,hunt,1.0,,,
2504,for,,,,-1
2504,people,,1.0,,0
2504,but,,,,-1
2504,sharks,1.0,,,
2504,are,,,,-1
2504,usually,1.0,,1.0, 
2504,harmless,1.0,,,
2504,to,,,,-1
2504,people,,1.0,,0
2504,because,,,,1
2504,people,,1.0,,0
2504,don't,,,,-1
2504,taste,1.0,,,
2504,very,,1.0,,0
2504,good,,,,-1
520,on,,,,-1
520,warm,1.0,,,
520,summer,1.0,,,
520,nights,,,,0
520,dan,1.0,,,
520,and,,,,-1
520,mark,1.0,,,
520,sleep,,,,0
520,outside,1.0,,,"-1,1"
520,in,,,,-1
520,sleeping,,,,0
520,bags,1.0,,,
520,they,,,,-1
520,like,,,,-1
520,to,,,,-1
520,look,,,,-1
520,up,,,,-1
520,at,,,,-1
520,all,,,,-1
520,the,,,,-1
520,stars,,,,1
520,and,,,,-1
520,planets,1.0,,,
520,in,,,,-1
520,the,,,,-1
520,night,,,,0
520,sky,,,,0
520,mark,1.0,,,
520,can,,,,-1
520,now,,,,0
520,easily,1.0,,,
520,locate,1.0,,,
520,the,,,,-1
520,big,,,,-1
520,dipper,1.0,,,
520,and,,,,-1
520,the,,,,-1
520,little,,,,-1
520,dipper,1.0,,,
520,if,,,,0
520,they,,,,-1
520,are,,,,-1
520,really,1.0,,,
520,lucky,1.0,,,
520,they,,,,-1
520,can,,,,-1
520,see,,,,-1
520,shooting,1.0,,,
520,stars,,,,1
520,streak,1.0,,,
520,across,1.0,,,
520,the,,,,-1
520,sky,,,,0
520,sometimes,,1.0,,0
520,there,,1.0,,0
520,are,,,,-1
520,slower,,,,0
520,moving,,1.0,,1
520,lights,,,,1
520,in,,,,-1
520,the,,,,-1
520,sky,,,,0
520,these,,1.0,,1
520,aren't,,1.0,,1
520,stars,,,,1
520,but,,,,-1
520,they,,,,-1
520,may,,,,0
520,be,,,,-1
520,satellites,1.0,,, 
520,circling,1.0,,,
520,the,,,,-1
520,globe,1.0,,,
520,or,,,,0
520,airplanes,1.0,,,
520,traveling,1.0,,,
520,between,1.0,,, 
520,cities,,,,0
2402,iceland,1.0,,,NAME
2402,is,,,,-1
2402,a,,,,-1
2402,cold,,,,1
2402,place,,,,0
2402,but,,,,-1
2402,parts,,,,1
2402,of,,,,-1
2402,it,,,,-1
2402,are,,,,-1
2402,boiling,1.0,,,
2402,hot,,,,0
2402,long,,,,1
2402,ago,,,,1
2402,the,,,,-1
2402,vikings,1.0,,, 
2402,found,,,,0
2402,hot,,,,0
2402,water,,,,0
2402,and,,,,-1
2402,steam,1.0,,,
2402,from,,,,-1
2402,deep,1.0,,,
2402,inside,,,,1
2402,the,,,,-1
2402,earth,1.0,1.0,,
2402,they,,,,-1
2402,used,,,,1
2402,this,,,,-1
2402,hot,,,,0
2402,water,,,,0
2402,to,,,,-1
2402,cook,,,,1
2402,and,,,,-1
2402,wash,1.0,,,
2402,up,,,,-1
2402,later,1.0,,,
2402,iceland,1.0,,,NAME
2402,started,,,,1
2402,heating,1.0,,,
2402,homes,,,,-1
2402,with,,,,-1
2402,heat,1.0,,,
2402,from,,,,-1
2402,the,,,,-1
2402,earth,1.0,1.0,,
2402,hot,,,,0
2402,water,,,,0
2402,and,,,,-1
2402,steam,1.0,,,
2402,are,,,,-1
2402,pumped,1.0,,,
2402,through,1.0,1.0,,
2402,the,,,,-1
2402,city,,,,0
2402,to,,,,-1
2402,heat,1.0,,,
2402,buildings,1.0,1.0,,
2402,plants,1.0,,,
2402,and,,,,-1
2402,vegetables,1.0,,, 
2402,are,,,,-1
2402,grown,1.0,,,
2402,year,1.0,,,
2402,round,1.0,,,
2402,in,,,,-1
2402,heated,1.0,,,
2402,greenhouses,1.0,,,"0,0"
2402,today,,1.0,,0
2402,iceland,1.0,,,NAME
2402,uses,,,,1
2402,this,,,,-1
2402,clean,,,,1
2402,energy,1.0,,, 
2402,from,,,,-1
2402,deep,1.0,,,
2402,in,,,,-1
2402,the,,,,-1
2402,earth,1.0,1.0,,
2402,to,,,,-1
2402,heat,1.0,,,
2402,houses,,,,0
2402,streets,,,,0
2402,and,,,,-1
2402,even,,,,1
2402,football,1.0,,,"D,1"
2402,fields,1.0,,,
2904,andy,1.0,,,
2904,held,1.0,,,
2904,his,,,,0
2904,breath,1.0,,,
2904,standing,1.0,,,
2904,very,,1.0,,0
2904,still,,,,0
2904,he,,,,-1
2904,carefully,,,,1
2904,pushed,,1.0,,1
2904,the,,,,-1
2904,button,1.0,,,
2904,as,,,,0
2904,his,,,,0
2904,finger,1.0,,,
2904,moved,,1.0,,1
2904,he,,,,-1
2904,heard,,1.0,,1
2904,a,,,,-1
2904,faint,1.0,,,
2904,click,1.0,,,
2904,looking,,,,-1
2904,directly,1.0,,, 
2904,at,,,,-1
2904,the,,,,-1
2904,camera,1.0,,, 
2904,display,1.0,,,
2904,he,,,,-1
2904,wondered,1.0,,, 
2904,if,,,,0
2904,he,,,,-1
2904,had,,,,0
2904,captured,1.0,,,
2904,it,,,,-1
2904,there,,1.0,,0
2904,on,,,,-1
2904,the,,,,-1
2904,screen,1.0,,,
2904,was,,1.0,,0
2904,a,,,,-1
2904,mass,1.0,,,
2904,of,,,,-1
2904,yellow,,,,1
2904,petals,1.0,,,
2904,andy,1.0,,,
2904,was,,1.0,,0
2904,looking,,,,-1
2904,for,,,,-1
2904,something,,1.0,,0
2904,specific,1.0,,,
2904,he,,,,-1
2904,enlarged,1.0,,,
2904,the,,,,-1
2904,image,1.0,,,
2904,stared,1.0,,,
2904,for,,,,-1
2904,a,,,,-1
2904,moment,1.0,,,
2904,and,,,,-1
2904,smiled,,,,1
2904,in,,,,-1
2904,the,,,,-1
2904,lower,1.0,,,
2904,left,1.0,,,
2904,corner,1.0,,,
2904,blending,1.0,,,
2904,in,,,,-1
2904,with,,,,-1
2904,blossoms,1.0,,,
2904,a,,,,-1
2904,swallowtail,1.0,,,
2904,butterfly,1.0,,,"D,-1"
2904,rested,1.0,,,
2904,on,,,,-1
2904,a,,,,-1
2904,petal,1.0,,,
2904,he,,,,-1
2904,was,,1.0,,0
2904,able,1.0,,, 
2904,to,,,,-1
2904,accomplish,1.0,,, 
2904,his,,,,0
2904,goal,1.0,,,
2904,of,,,,-1
2904,taking,,,,0
2904,a,,,,-1
2904,picture,,,,1
2904,of,,,,-1
2904,a,,,,-1
2904,butterfly,1.0,,,"D,-1"
2904,at,,,,-1
2904,rest,1.0,,,
2904,andy,1.0,,,
2904,was,,1.0,,0
2904,prepared,1.0,,, 
2904,for,,,,-1
2904,the,,,,-1
2904,next,,,,0
2904,photography,1.0,,, 
2904,challenge,1.0,,,
2601,animals,,,,0
2601,don't,,,,-1
2601,sense,1.0,,,
2601,the,,,,-1
2601,world,1.0,,,
2601,like,,,,-1
2601,we,,,,-1
2601,do,,,,-1
2601,many,,1.0,,0
2601,animals,,,,0
2601,have,,,,-1
2601,long,,,,1
2601,stiff,1.0,,,
2601,hairs,1.0,,,
2601,called,1.0,,,
2601,whiskers,1.0,,,
2601,on,,,,-1
2601,their,,1.0,,1
2601,faces,,,,1
2601,while,,,,1
2601,they,,,,-1
2601,can,,,,-1
2601,be,,,,-1
2601,very,,1.0,,0
2601,cute,1.0,,,
2601,they,,,,-1
2601,also,1.0,,,
2601,serve,1.0,,,
2601,an,,,,0
2601,important,1.0,,,
2601,purpose,1.0,1.0,, 
2601,whiskers,1.0,,,
2601,are,,,,-1
2601,used,,,,1
2601,to,,,,-1
2601,feel,,,,0
2601,an,,,,0
2601,animal's,,,,0
2601,surroundings,1.0,,,
2601,a,,,,-1
2601,cat,,,,-1
2601,will,,,,-1
2601,use,,,,1
2601,them,,1.0,,0
2601,to,,,,-1
2601,see,,,,-1
2601,if,,,,0
2601,it,,,,-1
2601,can,,,,-1
2601,fit,1.0,,,
2601,its,,,,0
2601,head,,,,1
2601,through,1.0,1.0,,
2601,a,,,,-1
2601,small,,,,0
2601,space,1.0,,,
2601,have,,,,-1
2601,you,,,,-1
2601,ever,,,,1
2601,noticed,1.0,,,
2601,smaller,,,,0
2601,whiskers,1.0,,,
2601,over,,,,0
2601,your,,,,-1
2601,pet's,,,,-1
2601,eyes,,1.0,,1
2601,or,,,,0
2601,on,,,,-1
2601,its,,,,0
2601,legs,1.0,,,
2601,whiskers,1.0,,,
2601,aren't,,1.0,,1
2601,limited,1.0,,,
2601,to,,,,-1
2601,being,,,,1
2601,just,,,,0
2601,around,,,,1
2601,the,,,,-1
2601,muzzle,1.0,,,
2601,whiskers,1.0,,,
2601,on,,,,-1
2601,the,,,,-1
2601,back,,,,0
2601,of,,,,-1
2601,a,,,,-1
2601,cat's,,,,-1
2601,paws,1.0,,,
2601,can,,,,-1
2601,help,,,,-1
2601,it,,,,-1
2601,feel,,,,0
2601,its,,,,0
2601,prey,1.0,,,
2601,when,,,,0
2601,it,,,,-1
2601,pounces,1.0,,,
2601,making,,,,1
2601,it,,,,-1
2601,a,,,,-1
2601,better,,,,1
2601,hunter,1.0,,,
2601,more,,,,0
2601,whiskers,1.0,,,
2601,in,,,,-1
2601,more,,,,0
2601,places,,,,0
2601,mean,,,,1
2601,your,,,,-1
2601,pet,,,,-1
2601,can,,,,-1
2601,sense,1.0,,,
2601,its,,,,0
2601,environment,1.0,,, 
2601,in,,,,-1
2601,even,,,,1
2601,more,,,,0
2601,detail,1.0,,,
2801,new,,,,0
2801,year's,1.0,,,
2801,is,,,,-1
2801,an,,,,0
2801,exciting,1.0,,,
2801,event,1.0,,,
2801,how,,,,0
2801,do,,,,-1
2801,you,,,,-1
2801,celebrate,1.0,,,
2801,in,,,,-1
2801,america,1.0,1.0,,
2801,you,,,,-1
2801,might,,,,1
2801,watch,,,,1
2801,the,,,,-1
2801,midnight,1.0,,,
2801,ball,,,,0
2801,drop,1.0,,,
2801,on,,,,-1
2801,tv,,1.0,,1
2801,when,,,,0
2801,the,,,,-1
2801,ball,,,,0
2801,drops,1.0,,,
2801,in,,,,-1
2801,new,,,,0
2801,york,1.0,,,
2801,city,,,,0
2801,people,,1.0,,0
2801,sing,,,,0
2801,and,,,,-1
2801,fireworks,1.0,,,"0,-1"
2801,fill,,,,1
2801,the,,,,-1
2801,night,,,,0
2801,sky,,,,0
2801,in,,,,-1
2801,brazil,1.0,1.0,,NAME
2801,you,,,,-1
2801,might,,,,1
2801,celebrate,1.0,,,
2801,with,,,,-1
2801,a,,,,-1
2801,tasty,1.0,,,
2801,bowl,1.0,,,
2801,of,,,,-1
2801,lentil,1.0,,,
2801,soup,1.0,1.0,,
2801,lentils,1.0,,,
2801,symbolize,1.0,,, 
2801,good,,,,-1
2801,fortune,1.0,,,
2801,in,,,,-1
2801,russia,1.0,,, 
2801,you,,,,-1
2801,might,,,,1
2801,look,,,,-1
2801,forward,1.0,,, 
2801,to,,,,-1
2801,father,,1.0,,0
2801,frost's,1.0,,,
2801,yearly,1.0,,,
2801,visit,1.0,,,
2801,he,,,,-1
2801,brings,1.0,,,
2801,presents,1.0,,, 
2801,for,,,,-1
2801,the,,,,-1
2801,children,,,,1
2801,no,,,,-1
2801,matter,1.0,,,
2801,the,,,,-1
2801,tradition,1.0,,, 
2801,new,,,,0
2801,year's,1.0,,,
2801,is,,,,-1
2801,a,,,,-1
2801,hopeful,1.0,,,
2801,time,,,,-1
2801,bringing,1.0,,,
2801,a,,,,-1
2801,new,,,,0
2801,beginning,,1.0,,1
2801,to,,,,-1
2801,a,,,,-1
2801,new,,,,0
2801,year,1.0,,,
3105,alex's,1.0,,,
3105,older,,,,-1
3105,sister,,,,1
3105,is,,,,-1
3105,in,,,,-1
3105,peru,1.0,1.0,,NAME
3105,last,,,,0
3105,month,1.0,1.0,,
3105,she,,,,-1
3105,moved,,1.0,,1
3105,to,,,,-1
3105,a,,,,-1
3105,small,,,,0
3105,village,1.0,,,
3105,as,,,,0
3105,part,,,,1
3105,of,,,,-1
3105,a,,,,-1
3105,summer,1.0,,,
3105,study,1.0,,,
3105,program,1.0,,, 
3105,with,,,,-1
3105,her,,,,0
3105,high,,,,0
3105,school,,,,0
3105,far,,,,1
3105,from,,,,-1
3105,the,,,,-1
3105,conveniences,1.0,,, 
3105,of,,,,-1
3105,her,,,,0
3105,own,1.0,,,
3105,house,,,,0
3105,sylvia,1.0,,,
3105,lives,,1.0,,0
3105,with,,,,-1
3105,a,,,,-1
3105,host,1.0,,,
3105,family,,,,1
3105,in,,,,-1
3105,their,,1.0,,1
3105,small,,,,0
3105,home,,,,-1
3105,in,,,,-1
3105,the,,,,-1
3105,mornings,,,,1
3105,she,,,,-1
3105,is,,,,-1
3105,a,,,,-1
3105,teacher's,,,,1
3105,helper,,,,1
3105,in,,,,-1
3105,a,,,,-1
3105,rural,1.0,,, 
3105,school,,,,0
3105,sylvia,1.0,,,
3105,works,,,,0
3105,with,,,,-1
3105,children,,,,1
3105,in,,,,-1
3105,arithmetic,1.0,,,
3105,and,,,,-1
3105,reading,,,,-1
3105,without,,,,1
3105,technology,1.0,,, 
3105,the,,,,-1
3105,village,1.0,,,
3105,has,,,,0
3105,no,,,,-1
3105,electricity,1.0,,, 
3105,and,,,,-1
3105,no,,,,-1
3105,cellphone,1.0,,,
3105,reception,1.0,,, 
3105,after,,,,0
3105,school,,,,0
3105,she,,,,-1
3105,helps,,,,-1
3105,out,,,,-1
3105,on,,,,-1
3105,the,,,,-1
3105,family's,,,,1
3105,small,,,,0
3105,farm,1.0,,,
3105,and,,,,-1
3105,gets,,,,-1
3105,cooking,,,,1
3105,lessons,1.0,,,
3105,once,1.0,1.0,,
3105,a,,,,-1
3105,week,1.0,,,
3105,sylvia,1.0,,,
3105,takes,,,,0
3105,a,,,,-1
3105,bus,,,,1
3105,to,,,,-1
3105,the,,,,-1
3105,nearby,1.0,,,"1, -1"
3105,town,,,,1
3105,to,,,,-1
3105,meet,1.0,,,
3105,with,,,,-1
3105,others,,1.0,,0
3105,in,,,,-1
3105,her,,,,0
3105,program,1.0,,, 
3105,for,,,,-1
3105,the,,,,-1
3105,first,,,,1
3105,time,,,,-1
3105,all,,,,-1
3105,week,1.0,,,
3105,she,,,,-1
3105,gets,,,,-1
3105,an,,,,0
3105,hour,1.0,1.0,, 
3105,on,,,,-1
3105,her,,,,0
3105,computer,1.0,,, 
3105,she,,,,-1
3105,writes,1.0,,,
3105,to,,,,-1
3105,alex,1.0,,,
3105,about,,,,0
3105,her,,,,0
3105,experiences,1.0,,,
3105,in,,,,-1
3105,addition,1.0,,,
3105,to,,,,-1
3105,improving,1.0,1.0,,
3105,her,,,,0
3105,spanish,1.0,,,
3105,language,1.0,1.0,, 
3105,and,,,,-1
3105,cooking,1.0,,,1
3105,skills,1.0,,,
3105,she,,,,-1
3105,is,,,,-1
3105,learning,1.0,1.0,,
3105,to,,,,-1
3105,get,,,,-1
3105,by,,,,-1
3105,on,,,,-1
3105,limited,1.0,,,
3105,screen,1.0,,,
3105,time,,,,-1
2803,birds,,,,0
2803,and,,,,-1
2803,bats,,,,0
2803,can,,,,-1
2803,fly,,,,-1
2803,but,,,,-1
2803,they,,,,-1
2803,aren't,,1.0,,1
2803,the,,,,-1
2803,only,,1.0,,1
2803,animals,,,,0
2803,that,,,,-1
2803,can,,,,-1
2803,soar,1.0,,,
2803,through,1.0,1.0,,
2803,the,,,,-1
2803,air,1.0,,,
2803,flying,,,,-1
2803,squirrels,,,,1
2803,can,,,,-1
2803,glide,1.0,,,
2803,between,1.0,,, 
2803,tree,,,,0
2803,branches,1.0,,,
2803,these,,1.0,,1
2803,squirrels,,,,1
2803,have,,,,-1
2803,a,,,,-1
2803,membrane,1.0,,,
2803,a,,,,-1
2803,thin,1.0,,, 
2803,piece,1.0,,,
2803,of,,,,-1
2803,skin,1.0,,,
2803,between,1.0,,, 
2803,their,,1.0,,1
2803,front,1.0,1.0,,
2803,and,,,,-1
2803,back,,,,0
2803,legs,1.0,,,
2803,that,,,,-1
2803,catches,1.0,,,
2803,the,,,,-1
2803,air,1.0,,,
2803,when,,,,0
2803,they,,,,-1
2803,jump,,,,-1
2803,flying,,,,-1
2803,squirrels,,,,1
2803,don't,,,,-1
2803,actually,1.0,,, 
2803,have,,,,-1
2803,powered,1.0,,,
2803,flight,1.0,,,
2803,like,,,,-1
2803,a,,,,-1
2803,bird,,,,0
2803,or,,,,0
2803,a,,,,-1
2803,bat,,,,0
2803,however,1.0,,,"0,1"
2803,they,,,,-1
2803,can,,,,-1
2803,coast,1.0,,,
2803,briefly,1.0,,,
2803,on,,,,-1
2803,the,,,,-1
2803,wind,,1.0,,1
2803,before,1.0,,, 
2803,landing,1.0,,,
2803,safely,1.0,,,
2803,in,,,,-1
2803,a,,,,-1
2803,tree,,,,0
2803,taking,,,,0
2803,a,,,,-1
2803,cue,1.0,,,
2803,from,,,,-1
2803,these,,1.0,,1
2803,gliding,1.0,,,
2803,squirrels,,,,1
2803,some,,1.0,,0
2803,human,1.0,,,
2803,skydivers,1.0,,,"0,D"
2803,wear,1.0,1.0,,
2803,special,1.0,,,
2803,suits,1.0,,,
2803,modeled,1.0,,,
2803,after,,,,0
2803,the,,,,-1
2803,flying,,,,-1
2803,squirrel,,,,1
2803,they,,,,-1
2803,use,,,,1
2803,these,,1.0,,1
2803,suits,1.0,,,
2803,to,,,,-1
2803,guide,1.0,,,
2803,their,,1.0,,1
2803,flight,1.0,,,
2803,as,,,,0
2803,they,,,,-1
2803,soar,1.0,,,
2803,through,1.0,1.0,,
2803,the,,,,-1
2803,air,1.0,,,
2803,among,1.0,1.0,,
2803,the,,,,-1
2803,flying,,,,-1
2803,animals,,,,0
2803,of,,,,-1
2803,the,,,,-1
2803,world,1.0,,,
2803,we,,,,-1
2803,should,,1.0,,1
2803,include,1.0,,, 
2803,flying,,,,-1
2803,squirrels,,,,1
2803,and,,,,-1
2803,some,,1.0,,0
2803,humans,1.0,,,
2902,chocolate,1.0,,, 
2902,flavors,1.0,,,
2902,many,,1.0,,0
2902,of,,,,-1
2902,our,,,,1
2902,treats,1.0,,,
2902,from,,,,-1
2902,candy,1.0,,,
2902,to,,,,-1
2902,beverages,1.0,,, 
2902,it's,,,,-1
2902,hard,1.0,,,
2902,to,,,,-1
2902,think,,,,0
2902,of,,,,-1
2902,a,,,,-1
2902,time,,,,-1
2902,when,,,,0
2902,we,,,,-1
2902,didn't,,,,0
2902,have,,,,-1
2902,chocolate,1.0,,, 
2902,cocoa,1.0,,,
2902,beans,1.0,,,
2902,were,,1.0,,0
2902,first,,,,1
2902,used,,,,1
2902,by,,,,-1
2902,the,,,,-1
2902,mayans,1.0,1.0,,NAME
2902,around,,,,1
2902,four,,1.0,,
2902,thousand,1.0,,,
2902,years,1.0,,,
2902,ago,,,,1
2902,much,,,,0
2902,like,,,,-1
2902,today,,1.0,,0
2902,cocoa,1.0,,,
2902,was,,1.0,,0
2902,used,,,,1
2902,for,,,,-1
2902,drinks,1.0,,,
2902,but,,,,-1
2902,the,,,,-1
2902,drinks,1.0,,,
2902,weren't,,1.0,,0
2902,prepared,1.0,,, 
2902,to,,,,-1
2902,be,,,,-1
2902,as,,,,0
2902,sweet,1.0,,,
2902,as,,,,0
2902,we,,,,-1
2902,make,,,,-1
2902,them,,1.0,,0
2902,now,,,,0
2902,ancient,1.0,1.0,, 
2902,cocoa,1.0,,,
2902,products,1.0,,,
2902,were,,1.0,,0
2902,bitter,1.0,,,
2902,sometimes,,1.0,,0
2902,seasoned,1.0,,,
2902,with,,,,-1
2902,chili,1.0,1.0,,
2902,or,,,,0
2902,vanilla,1.0,,,
2902,they,,,,-1
2902,were,,1.0,,0
2902,used,,,,1
2902,either,1.0,,,
2902,as,,,,0
2902,medicine,1.0,,,
2902,or,,,,0
2902,for,,,,-1
2902,religious,1.0,,, 
2902,reasons,1.0,,, 
2902,when,,,,0
2902,the,,,,-1
2902,spanish,1.0,,,
2902,tasted,1.0,,,
2902,the,,,,-1
2902,drinks,1.0,,,
2902,mixed,1.0,,,
2902,with,,,,-1
2902,ground,,,,1
2902,cocoa,1.0,,,
2902,beans,1.0,,,
2902,and,,,,-1
2902,water,,,,0
2902,they,,,,-1
2902,called,1.0,,,
2902,it,,,,-1
2902,chocolate,1.0,,, 
2902,for,,,,-1
2902,a,,,,-1
2902,time,,,,-1
2902,cocoa,1.0,,,
2902,beans,1.0,,,
2902,were,,1.0,,0
2902,adopted,1.0,,,
2902,as,,,,0
2902,a,,,,-1
2902,form,1.0,,,
2902,of,,,,-1
2902,money,,1.0,,1
2902,could,,1.0,,0
2902,you,,,,-1
2902,imagine,1.0,,, 
2902,paying,1.0,,,
2902,for,,,,-1
2902,your,,,,-1
2902,groceries,1.0,,,
2902,in,,,,-1
2902,chocolate,1.0,,, 
3106,a,,,,-1
3106,ship,1.0,,,
3106,is,,,,-1
3106,sailing,1.0,,,
3106,across,1.0,,,
3106,the,,,,-1
3106,sea,,,,1
3106,the,,,,-1
3106,water,,,,0
3106,starts,,,,1
3106,to,,,,-1
3106,get,,,,-1
3106,rough,1.0,1.0,, 
3106,and,,,,-1
3106,the,,,,-1
3106,ship,1.0,,,
3106,begins,,1.0,,1
3106,to,,,,-1
3106,sway,1.0,,,
3106,without,,,,1
3106,warning,1.0,,,
3106,the,,,,-1
3106,skies,,,,0
3106,grow,,,,0
3106,darker,,,,1
3106,as,,,,0
3106,enormous,1.0,,, 
3106,black,,,,1
3106,clouds,1.0,,,
3106,move,,1.0,,1
3106,in,,,,-1
3106,and,,,,-1
3106,the,,,,-1
3106,wind,,1.0,,1
3106,begins,,1.0,,1
3106,to,,,,-1
3106,gust,1.0,,,
3106,the,,,,-1
3106,ship,1.0,,,
3106,is,,,,-1
3106,heading,,,,1
3106,straight,1.0,1.0,,
3106,into,,1.0,,0
3106,the,,,,-1
3106,storm,1.0,,,
3106,a,,,,-1
3106,turbulent,1.0,,, 
3106,night,,,,0
3106,awaits,1.0,,,
3106,them,,1.0,,0
3106,and,,,,-1
3106,the,,,,-1
3106,crew,1.0,,,
3106,prepares,1.0,,,
3106,scrambling,1.0,,,
3106,to,,,,-1
3106,secure,1.0,1.0,, 
3106,equipment,1.0,,,
3106,and,,,,-1
3106,stow,1.0,,,
3106,the,,,,-1
3106,gear,1.0,1.0,,
3106,below,1.0,,,
3106,the,,,,-1
3106,deck,1.0,,,
3106,as,,,,0
3106,the,,,,-1
3106,rain,,,,0
3106,begins,,1.0,,1
3106,to,,,,-1
3106,pelt,1.0,,,
3106,the,,,,-1
3106,decks,1.0,,,
3106,angry,1.0,,,
3106,waves,1.0,,,
3106,crash,1.0,,,
3106,hard,1.0,,,
3106,against,1.0,1.0,,
3106,the,,,,-1
3106,sides,,,,1
3106,of,,,,-1
3106,the,,,,-1
3106,ship,1.0,,,
3106,the,,,,-1
3106,storm,1.0,,,
3106,worsens,1.0,,,
3106,growing,,,,1
3106,stronger,1.0,,,
3106,and,,,,-1
3106,fiercer,1.0,,,
3106,as,,,,0
3106,the,,,,-1
3106,evening,1.0,1.0,, 
3106,goes,,,,-1
3106,on,,,,-1
3106,in,,,,-1
3106,the,,,,-1
3106,morning,,,,1
3106,the,,,,-1
3106,crew,1.0,,,
3106,is,,,,-1
3106,relieved,1.0,,, 
3106,when,,,,0
3106,the,,,,-1
3106,light,,,,1
3106,of,,,,-1
3106,the,,,,-1
3106,sun,,,,0
3106,breaks,1.0,,,
3106,through,1.0,1.0,,
3106,the,,,,-1
3106,clouds,1.0,,,
3106,and,,,,-1
3106,onto,1.0,1.0,,"-1,-1"
3106,the,,,,-1
3106,calm,1.0,,, 
3106,sea,,,,1
