item,token,not_sightword,not_decodable,not_decodable_at_grade_level
1401,jeff,1,,
1401,the,,,
1401,duck,,,
1401,is,,,
1401,lost,,,
1401,where,,,
1401,is,,,
1401,his,,,
1401,pond,1,,
1401,he,,,
1401,walks,,,
1401,to,,,
1401,a,,,
1401,rock,,,
1401,this,,,
1401,is,,,
1401,not,,,
1401,my,,,
1401,pond,1,,
1401,he,,,
1401,walks,,,
1401,to,,,
1401,a,,,
1401,tree,,,1
1401,this,,,
1401,is,,,
1401,not,,,
1401,my,,,
1401,pond,1,,
1401,he,,,
1401,walks,,,
1401,to,,,
1401,a,,,
1401,tub,1,,
1401,but,,,
1401,i,,,
1401,can,,,
1401,swim,,,
1401,here,,,
1603,sounds,,,1
1603,are,,,
1603,all,,,
1603,around,,,1
1603,us,,,
1603,sounds,,,1
1603,can,,,
1603,be,,,
1603,loud,1,,1
1603,sounds,,,1
1603,can,,,
1603,be,,,
1603,soft,1,,
1603,our,,,1
1603,ears,1,,1
1603,catch,1,,1
1603,the,,,
1603,sounds,,,1
1603,in,,,
1603,the,,,
1603,city,,,1
1603,we,,,
1603,can,,,
1603,hear,,,1
1603,the,,,
1603,loud,1,,1
1603,sound,,,1
1603,of,,,
1603,trucks,,,
1603,in,,,
1603,the,,,
1603,city,,,1
1603,we,,,
1603,can,,,
1603,hear,,,1
1603,the,,,
1603,soft,1,,
1603,sound,,,1
1603,of,,,
1603,bikes,,,1
1603,in,,,
1603,the,,,
1603,park,,,1
1603,we,,,
1603,can,,,
1603,hear,,,1
1603,the,,,
1603,loud,1,,1
1603,sound,,,1
1603,of,,,
1603,dogs,,,
1603,barking,,,1
1603,in,,,
1603,the,,,
1603,park,,,1
1603,we,,,
1603,can,,,
1603,hear,,,1
1603,the,,,
1603,soft,1,,
1603,sound,,,1
1603,of,,,
1603,birds,,,1
1603,singing,,,1
1603,we,,,
1603,can,,,
1603,also,1,,1
1603,hear,,,1
1603,the,,,
1603,ice,1,,1
1603,cream,1,,1
1603,truck,,,
1903,a,,,
1903,rooster,1,,1
1903,was,,1,
1903,out,,,
1903,in,,,
1903,the,,,
1903,yard,1,,1
1903,he,,,
1903,wanted,,,
1903,some,,1,
1903,corn,1,,1
1903,to,,,
1903,eat,,,1
1903,on,,,
1903,the,,,
1903,ground,,,1
1903,he,,,
1903,saw,,,1
1903,something,,1,
1903,yellow,,,1
1903,and,,,
1903,bright,1,,1
1903,it,,,
1903,was,,1,
1903,hard,1,,1
1903,and,,,
1903,round,1,,1
1903,the,,,
1903,rooster,1,,1
1903,ran,,,
1903,to,,,
1903,get,,,
1903,it,,,
1903,he,,,
1903,did,,,
1903,not,,,
1903,want,,,
1903,to,,,
1903,share,1,,1
1903,it,,,
1903,he,,,
1903,pecked,1,,1
1903,at,,,
1903,it,,,
1903,it,,,
1903,wasn't,,1,
1903,corn,1,,1
1903,it,,,
1903,was,,1,
1903,a,,,
1903,small,,,
1903,piece,1,,1
1903,of,,,
1903,gold,,,
1903,i,,,
1903,wish,,,
1903,it,,,
1903,were,,1,
1903,corn,1,,1
1903,said,,,
1903,the,,,
1903,rooster,1,,1
1903,so,,,
1903,i,,,
1903,could,,1,
1903,eat,,,1
1903,it,,,
1903,this,,,
1903,yellow,,,1
1903,rock,,,
1903,is,,,
1903,not,,,
1903,as,,,
1903,tasty,1,,1
1903,as,,,
1903,corn,1,,1
1505,rocky,,,1
1505,barks,,,1
1505,at,,,
1505,trucks,,,
1505,every,,1,
1505,day,,,
1505,rocky,,,1
1505,barks,,,1
1505,at,,,
1505,the,,,
1505,mail,1,,1
1505,truck,,,
1505,here,,,
1505,comes,,1,
1505,the,,,
1505,garbage,1,,1
1505,truck,,,
1505,and,,,
1505,rocky,,,1
1505,barks,,,1
1505,when,,,
1505,rocky,,,1
1505,hears,,,1
1505,a,,,
1505,fire,,,1
1505,truck,,,
1505,he,,,
1505,barks,,,1
1505,why,,,1
1505,does,,1,
1505,he,,,
1505,bark,,,1
1505,so,,,
1505,much,,,
1505,when,,,
1505,he,,,
1505,barks,,,1
1505,the,,,
1505,trucks,,,
1505,go,,,
1505,away,,,
1505,woof,1,,1
1505,woof,1,,1
1505,woof,1,,1
1505,it,,,
1505,works,,,1
1505,the,,,
1505,trucks,,,
1505,go,,,
1505,away,,,
1505,good,,,
1505,job,1,,
1505,rocky,,,1
1505,now,,,1
1505,he,,,
1505,can,,,
1505,rest,1,,
1804,i,,,
1804,pushed,,1,
1804,the,,,
1804,clay,1,,1
1804,i,,,
1804,looked,,,
1804,around,,,1
1804,the,,,
1804,classroom,1,,1
1804,soon,,,1
1804,it,,,
1804,would,,1,
1804,be,,,
1804,my,,,
1804,time,,,
1804,to,,,
1804,share,1,,1
1804,i,,,
1804,turned,,,1
1804,back,,,
1804,to,,,
1804,my,,,
1804,clay,1,,1
1804,and,,,
1804,began,,,1
1804,to,,,
1804,push,,1,
1804,again,,1,
1804,with,,,
1804,a,,,
1804,small,,,
1804,ball,,,
1804,of,,,
1804,clay,1,,1
1804,i,,,
1804,made,,,1
1804,a,,,
1804,head,,,1
1804,a,,,
1804,bigger,,,
1804,ball,,,
1804,turned,,,1
1804,into,,1,
1804,a,,,
1804,body,1,,1
1804,i,,,
1804,rolled,1,,1
1804,some,,1,
1804,clay,1,,1
1804,on,,,
1804,the,,,
1804,desk,1,,
1804,to,,,
1804,make,,,
1804,legs,1,,
1804,then,,1,
1804,i,,,
1804,put,,1,
1804,my,,,
1804,bug,1,,
1804,together,,1,
1804,and,,,
1804,i,,,
1804,was,,1,
1804,ready,,,1
1804,to,,,
1804,show,,,1
1804,the,,,
1804,class,,,
1807,the,,,
1807,tide,1,,1
1807,goes,,,
1807,out,,,
1807,little,,,
1807,pools,1,,1
1807,of,,,
1807,water,,,1
1807,are,,,
1807,left,1,,
1807,behind,1,,1
1807,these,,1,
1807,are,,,
1807,called,1,,1
1807,tide,1,,1
1807,pools,1,,1
1807,we,,,
1807,can,,,
1807,see,,,
1807,what,,,
1807,it's,,,
1807,like,,,
1807,under,,,1
1807,the,,,
1807,sea,,,1
1807,in,,,
1807,the,,,
1807,pools,1,,1
1807,you,,,
1807,can,,,
1807,find,,,
1807,plants,1,,
1807,and,,,
1807,small,,,
1807,animals,,,
1807,some,,1,
1807,animals,,,
1807,swim,,,
1807,others,,1,
1807,hide,,,
1807,under,,,1
1807,rocks,,,
1807,and,,,
1807,plants,1,,
1807,there,,1,
1807,is,,,
1807,a,,,
1807,lot,,,
1807,of,,,
1807,life,1,,1
1807,in,,,
1807,the,,,
1807,pool,1,,1
1807,when,,,
1807,the,,,
1807,tide,1,,1
1807,comes,,1,
1807,back,,,
1807,in,,,
1807,the,,,
1807,sea,,,1
1807,covers,1,1,
1807,the,,,
1807,pools,1,,1
1807,and,,,
1807,some,,1,
1807,of,,,
1807,the,,,
1807,animals,,,
1807,can,,,
1807,swim,,,
1807,away,,,
1502,a,,,
1502,cat,,,
1502,takes,,,1
1502,a,,,
1502,nap,1,,
1502,a,,,
1502,dog,,,
1502,can,,,
1502,nap,1,,
1502,and,,,
1502,so,,,
1502,can,,,
1502,you,,,
1502,but,,,
1502,does,,1,
1502,a,,,
1502,fish,,,
1502,nap,1,,
1502,a,,,
1502,fish,,,
1502,does,,1,
1502,not,,,
1502,have,,,
1502,a,,,
1502,bed,,,
1502,it,,,
1502,cannot,1,,
1502,shut,1,,
1502,its,,,
1502,eyes,,1,
1502,when,,,
1502,a,,,
1502,fish,,,
1502,takes,,,1
1502,a,,,
1502,nap,1,,
1502,it,,,
1502,keeps,,,1
1502,its,,,
1502,eyes,,1,
1502,open,,,1
1502,a,,,
1502,fish,,,
1502,swims,,,
1502,when,,,
1502,it,,,
1502,sleeps,,,1
1502,some,,1,
1502,fish,,,
1502,hide,,,
1502,when,,,
1502,they,,,
1502,sleep,,,1
1502,after,,,1
1502,a,,,
1502,fish,,,
1502,naps,1,,
1502,it,,,
1502,looks,,,
1502,for,,,
1502,food,,,1
1703,summer,1,,1
1703,is,,,
1703,here,,,
1703,pat,,,
1703,and,,,
1703,danny,1,,1
1703,want,,,
1703,to,,,
1703,walk,,,
1703,to,,,
1703,the,,,
1703,beach,1,,1
1703,don't,,,
1703,forget,1,,1
1703,to,,,
1703,pack,1,,
1703,a,,,
1703,snack,1,,
1703,calls,1,,
1703,mom,,,
1703,danny,1,,1
1703,packs,1,,
1703,some,,1,
1703,snacks,1,,
1703,don't,,,
1703,forget,1,,1
1703,to,,,
1703,pack,1,,
1703,your,,,
1703,hats,1,,
1703,pat,,,
1703,packs,1,,
1703,the,,,
1703,hats,1,,
1703,don't,,,
1703,forget,1,,1
1703,to,,,
1703,pack,1,,
1703,your,,,
1703,umbrella,1,,1
1703,an,,,
1703,umbrella,1,,1
1703,but,,,
1703,it,,,
1703,is,,,
1703,sunny,,,1
1703,says,1,1,
1703,danny,1,,1
1703,mom,,,
1703,opens,,,1
1703,the,,,
1703,door,,1,
1703,oh,,,
1703,no,,,
1703,says,1,1,
1703,pat,,,
1703,it,,,
1703,is,,,
1703,raining,,,1
1703,let's,,,1
1703,walk,,,
1703,in,,,
1703,the,,,
1703,rain,,,1
1703,with,,,
1703,our,,,1
1703,umbrellas,1,,1
2001,it,,,
2001,is,,,
2001,a,,,
2001,windy,,1,
2001,day,,,
2001,jeff,1,,
2001,wants,,,
2001,to,,,
2001,fly,,,
2001,his,,,
2001,new,,,1
2001,kite,,,1
2001,it,,,
2001,is,,,
2001,red,,,
2001,and,,,
2001,yellow,,,1
2001,and,,,
2001,has,,,
2001,a,,,
2001,long,,,
2001,tail,,,1
2001,his,,,
2001,father,,1,
2001,gave,,,1
2001,him,,,
2001,the,,,
2001,kite,,,1
2001,for,,,
2001,his,,,
2001,birthday,,,1
2001,he,,,
2001,goes,,,
2001,out,,,
2001,to,,,
2001,the,,,
2001,field,1,,1
2001,he,,,
2001,runs,,,
2001,fast,,,
2001,and,,,
2001,lets,,,
2001,go,,,
2001,of,,,
2001,the,,,
2001,kite,,,1
2001,it,,,
2001,starts,,,1
2001,to,,,
2001,fly,,,
2001,he,,,
2001,lets,,,
2001,out,,,
2001,more,,,1
2001,string,1,,
2001,and,,,
2001,the,,,
2001,kite,,,1
2001,flies,,,
2001,very,,1,
2001,high,,,1
2001,jeff,1,,
2001,stops,,,
2001,running,,,
2001,and,,,
2001,watches,,,1
2001,the,,,
2001,kite,,,1
2001,dance,,,1
2001,high,,,1
2001,in,,,
2001,the,,,
2001,sky,,,1
350,do,,,
350,you,,,
350,see,,,
350,a,,,
350,face,,,1
350,on,,,
350,the,,,
350,moon,1,,
350,lots,,,
350,of,,,
350,people,,1,
350,see,,,
350,something,,1,
350,the,,,
350,man,,,
350,on,,,
350,the,,,
350,moon,1,,
350,is,,,
350,what,,,
350,we,,,
350,see,,,
350,in,,,
350,america,1,1,
350,in,,,
350,japan,1,1,
350,people,,1,
350,see,,,
350,a,,,
350,rabbit,1,,
350,on,,,
350,the,,,
350,moon,1,,
350,people,,1,
350,in,,,
350,other,,1,
350,cultures,1,,1
350,see,,,
350,a,,,
350,goddess,1,,
350,or,,,
350,a,,,
350,boy,,,
350,picking,1,,
350,up,,,
350,sticks,,,
350,the,,,
350,shapes,1,,1
350,on,,,
350,the,,,
350,moon,1,,
350,are,,,
350,made,,,
350,out,,,
350,of,,,
350,shadows,1,,
350,the,,,
350,moon,1,,
350,is,,,
350,covered,1,1,
350,in,,,
350,rocks,,,
350,the,,,
350,shadows,1,,
350,made,,,
350,by,,,
350,those,,1,
350,moon,1,,
350,rocks,,,
350,can,,,
350,look,,,
350,like,,,
350,a,,,
350,face,,,1
350,or,,,
350,a,,,
350,rabbit,1,,
350,or,,,
350,a,,,
350,boy,,,
2203,brian,1,,1
2203,loves,,1,
2203,summer,1,,
2203,camp,1,,
2203,he,,,
2203,goes,,,
2203,every,,1,
2203,summer,1,,
2203,the,,,
2203,camp,1,,
2203,leaders,1,,1
2203,are,,,
2203,very,,1,
2203,helpful,,,
2203,and,,,
2203,have,,,
2203,lots,,,
2203,of,,,
2203,fun,,,
2203,ideas,1,,1
2203,this,,,
2203,year,1,,
2203,they,,,
2203,went,,,
2203,for,,,
2203,an,,,
2203,overnight,1,,1
2203,hike,1,,
2203,to,,,
2203,a,,,
2203,lake,,,
2203,on,,,
2203,the,,,
2203,way,,,
2203,they,,,
2203,saw,,,
2203,two,,1,
2203,red,,,
2203,foxes,,,1
2203,playing,,,
2203,in,,,
2203,a,,,
2203,field,1,,1
2203,everyone,,1,
2203,froze,1,,
2203,brian,1,,1
2203,took,,,
2203,pictures,,,1
2203,of,,,
2203,the,,,
2203,foxes,,,1
2203,he,,,
2203,was,,1,
2203,glad,,,
2203,he,,,
2203,brought,1,,1
2203,his,,,
2203,camera,1,,1
2203,with,,,
2203,him,,,
2203,when,,,
2203,they,,,
2203,reached,1,,
2203,the,,,
2203,lake,,,
2203,they,,,
2203,set,1,,
2203,up,,,
2203,camp,1,,
2203,the,,,
2203,night,,,1
2203,sky,,,1
2203,was,,1,
2203,crystal,1,,1
2203,clear,1,,
2203,so,,,
2203,brian,1,,1
2203,watched,,,1
2203,the,,,
2203,stars,,,
2203,for,,,
2203,a,,,
2203,long,,,
2203,time,,,
2203,until,,,
2203,he,,,
2203,fell,,,
2203,asleep,1,,1
2401,today,,1,
2401,is,,,
2401,moving,,1,
2401,day,,,
2401,peter's,1,,1
2401,family,,,1
2401,is,,,
2401,moving,,1,
2401,to,,,
2401,a,,,
2401,new,,,
2401,house,,,
2401,because,,,1
2401,they,,,
2401,need,,,
2401,more,,,
2401,room,,,
2401,his,,,
2401,grandparents,1,,1
2401,are,,,
2401,coming,,1,
2401,to,,,
2401,live,,1,
2401,with,,,
2401,them,,1,
2401,peter,1,,1
2401,is,,,
2401,excited,1,,1
2401,about,,,1
2401,moving,,1,
2401,because,,,1
2401,the,,,
2401,new,,,
2401,house,,,
2401,is,,,
2401,close,,,
2401,to,,,
2401,the,,,
2401,school,,,1
2401,he,,,
2401,can,,,
2401,walk,,,
2401,to,,,
2401,school,,,1
2401,now,,,
2401,instead,1,,
2401,of,,,
2401,riding,,,
2401,the,,,
2401,bus,,,
2401,there,,1,
2401,is,,,
2401,a,,,
2401,work,,,1
2401,shed,1,,
2401,in,,,
2401,the,,,
2401,back,,,
2401,where,,,
2401,he,,,
2401,and,,,
2401,grandpa,1,,
2401,can,,,
2401,work,,,1
2401,together,,1,
2401,on,,,
2401,wood,,,
2401,projects,1,,
2401,peter,1,,1
2401,hopes,1,,1
2401,they,,,
2401,can,,,
2401,build,1,1,
2401,a,,,
2401,tree,,,
2401,house,,,
2401,in,,,
2401,the,,,
2401,large,1,,1
2401,oak,1,,
2401,tree,,,
330,sam,1,,
330,and,,,
330,jo,1,,1
330,went,,,
330,for,,,
330,a,,,
330,hike,1,,
330,they,,,
330,took,,,
330,a,,,
330,path,1,,
330,through,1,1,
330,the,,,
330,woods,,,
330,suddenly,1,,1
330,sam,1,,
330,heard,,1,
330,a,,,
330,noise,,,
330,coming,,1,
330,from,,,
330,the,,,
330,tree,,,
330,above,1,1,
330,their,,1,
330,heads,1,,
330,jo,1,,1
330,climbed,1,1,
330,up,,,
330,to,,,
330,see,,,
330,what,,,
330,the,,,
330,noise,,,
330,was,,1,
330,and,,,
330,found,,,
330,two,,1,
330,baby,1,,1
330,squirrels,,,
330,the,,,
330,babies,1,,1
330,were,,1,
330,alone,,,1
330,but,,,
330,their,,1,
330,mother,,1,
330,must,,,
330,be,,,
330,somewhere,1,1,
330,near,,,
330,the,,,
330,children,,,
330,watched,,,1
330,and,,,
330,waited,,,
330,sure,1,1,
330,enough,1,1,
330,the,,,
330,mother,,1,
330,soon,,,
330,returned,1,,1
330,with,,,
330,a,,,
330,mouthful,1,,1
330,of,,,
330,nuts,1,,
330,the,,,
330,noises,,,1
330,stopped,,,
330,as,,,
330,the,,,
330,baby,1,,1
330,squirrels,,,
330,began,,,1
330,to,,,
330,eat,,,
330,sam,1,,
330,and,,,
330,jo,1,,1
330,smiled,,,1
330,knowing,,,1
330,the,,,
330,squirrels,,,
330,were,,1,
330,safe,1,,
330,with,,,
330,their,,1,
330,mother,,1,
2201,how,,,
2201,do,,,
2201,plants,1,,
2201,find,,,
2201,homes,,,
2201,i,,,
2201,saw,,,
2201,a,,,
2201,flower,,,1
2201,growing,,,
2201,in,,,
2201,a,,,
2201,sidewalk,1,,
2201,i,,,
2201,wondered,1,,1
2201,how,,,
2201,the,,,
2201,plant,,,
2201,got,,,
2201,there,,1,
2201,seeds,1,,
2201,travel,1,,
2201,in,,,
2201,different,1,,
2201,ways,,,
2201,some,,1,
2201,seeds,1,,
2201,just,,,
2201,drop,1,,
2201,to,,,
2201,the,,,
2201,ground,,,
2201,the,,,
2201,wind,,1,
2201,or,,,
2201,birds,,,
2201,carry,1,,1
2201,seeds,1,,
2201,to,,,
2201,new,,,
2201,places,,,1
2201,nearby,1,,1
2201,or,,,
2201,far,,,
2201,away,,,
2201,water,,,1
2201,can,,,
2201,take,,,
2201,seeds,1,,
2201,on,,,
2201,a,,,
2201,journey,1,1,
2201,some,,1,
2201,animals,,,
2201,hide,,,
2201,seeds,1,,
2201,in,,,
2201,the,,,
2201,ground,,,
2201,seeds,1,,
2201,can,,,
2201,stick,,,
2201,to,,,
2201,an,,,
2201,animal's,,,1
2201,fur,1,,
2201,or,,,
2201,to,,,
2201,a,,,
2201,person's,1,,1
2201,socks,1,,
2201,when,,,
2201,the,,,
2201,seeds,1,,
2201,fall,,,
2201,on,,,
2201,the,,,
2201,ground,,,
2201,they,,,
2201,wait,,,
2201,for,,,
2201,sun,,,
2201,and,,,
2201,water,,,1
2201,to,,,
2201,grow,,,
2202,room,,,
2202,six,,,
2202,is,,,
2202,learning,1,1,
2202,to,,,
2202,grow,,,
2202,plants,1,,
2202,each,,,
2202,student,1,,1
2202,has,,,
2202,a,,,
2202,plant,,,
2202,and,,,
2202,a,,,
2202,pot,,,
2202,the,,,
2202,kids,1,,
2202,will,,,
2202,learn,1,1,
2202,to,,,
2202,take,,,
2202,care,,,
2202,of,,,
2202,the,,,
2202,houseplants,1,,
2202,as,,,
2202,they,,,
2202,grow,,,
2202,everyday,1,1,
2202,they,,,
2202,will,,,
2202,write,1,,1
2202,in,,,
2202,their,,1,
2202,journals,1,1,
2202,as,,,
2202,they,,,
2202,learn,1,1,
2202,about,,,1
2202,the,,,
2202,needs,,,
2202,of,,,
2202,their,,1,
2202,plants,1,,
2202,at,,,
2202,the,,,
2202,end,,,
2202,of,,,
2202,the,,,
2202,school,,,1
2202,year,1,,
2202,they,,,
2202,will,,,
2202,take,,,
2202,their,,1,
2202,plants,1,,
2202,home,,,
2202,but,,,
2202,for,,,
2202,now,,,
2202,the,,,
2202,classroom,1,,
2202,is,,,
2202,much,,,
2202,greener,,,1
2202,with,,,
2202,so,,,
2202,many,,1,
2202,different,1,,
2202,plants,1,,
2202,around,,,1
2202,the,,,
2202,room,,,
310,meg,1,,
310,wanted,,,
310,to,,,
310,bake,,,
310,a,,,
310,pie,1,,1
310,she,,,
310,asked,,,
310,her,,,
310,mother,,1,
310,for,,,
310,help,,,
310,they,,,
310,measured,1,,1
310,the,,,
310,flour,1,,
310,sugar,1,1,
310,and,,,
310,butter,1,,
310,for,,,
310,the,,,
310,crust,1,,
310,her,,,
310,mother,,1,
310,showed,,,
310,her,,,
310,how,,,
310,to,,,
310,roll,1,,
310,out,,,
310,the,,,
310,crust,1,,
310,meg,1,,
310,sliced,1,,1
310,the,,,
310,apples,,,1
310,and,,,
310,put,,1,
310,them,,1,
310,in,,,
310,the,,,
310,pie,1,,1
310,pan,1,,
310,they,,,
310,put,,1,
310,the,,,
310,pie,1,,1
310,in,,,
310,the,,,
310,hot,,,
310,oven,1,1,
310,and,,,
310,waited,,,
310,forty,,,
310,five,,,
310,minutes,,1,
310,as,,,
310,the,,,
310,pie,1,,1
310,baked,,,1
310,a,,,
310,delicious,1,,1
310,smell,,,
310,filled,,,
310,the,,,
310,kitchen,1,,1
310,when,,,
310,the,,,
310,timer,,,
310,rang,1,,
310,they,,,
310,took,,,
310,the,,,
310,pie,1,,1
310,out,,,
310,of,,,
310,the,,,
310,oven,1,1,
310,and,,,
310,set,1,,
310,it,,,
310,on,,,
310,the,,,
310,window,,,
310,sill,1,,
310,to,,,
310,cool,1,,
2102,have,,,
2102,you,,,
2102,seen,,,
2102,a,,,
2102,mound,1,,
2102,of,,,
2102,dirt,1,,
2102,in,,,
2102,the,,,
2102,middle,1,,1
2102,of,,,
2102,a,,,
2102,lawn,1,,
2102,it,,,
2102,may,,,
2102,be,,,
2102,made,,,
2102,by,,,
2102,a,,,
2102,small,,,
2102,furry,1,,1
2102,animal,,,
2102,called,1,,
2102,a,,,
2102,mole,1,,
2102,moles,1,,1
2102,are,,,
2102,about,,,1
2102,six,,,
2102,inches,1,,
2102,long,,,
2102,they,,,
2102,have,,,
2102,tiny,1,,1
2102,eyes,,1,
2102,because,,,1
2102,they,,,
2102,don't,,,
2102,have,,,
2102,to,,,
2102,see,,,
2102,well,,,
2102,under,,,
2102,the,,,
2102,ground,,,
2102,they,,,
2102,have,,,
2102,a,,,
2102,long,,,
2102,pointed,1,,
2102,nose,,,
2102,and,,,
2102,strong,1,,
2102,legs,1,,
2102,they,,,
2102,use,,,
2102,their,,1,
2102,sharp,1,,
2102,claws,1,,
2102,to,,,
2102,dig,1,,
2102,tunnels,1,,
2102,under,,,
2102,the,,,
2102,ground,,,
2102,they,,,
2102,are,,,
2102,among,1,1,
2102,the,,,
2102,best,,,
2102,diggers,1,,1
2102,in,,,
2102,the,,,
2102,animal,,,
2102,world,1,,1
2302,amy,1,,1
2302,and,,,
2302,brad,1,,
2302,went,,,
2302,biking,,,1
2302,they,,,
2302,stopped,,,
2302,at,,,
2302,a,,,
2302,pond,1,,
2302,they,,,
2302,looked,,,
2302,into,,1,
2302,the,,,
2302,water,,,1
2302,and,,,
2302,saw,,,
2302,what,,,
2302,looked,,,
2302,like,,,
2302,a,,,
2302,pile,1,,
2302,of,,,
2302,jelly,1,,1
2302,it,,,
2302,was,,1,
2302,covered,1,1,
2302,with,,,
2302,black,,,
2302,dots,1,,
2302,amy,1,,1
2302,took,,,
2302,a,,,
2302,leaf,1,,
2302,to,,,
2302,collect,1,,1
2302,some,,1,
2302,of,,,
2302,the,,,
2302,strange,1,,1
2302,jelly,1,,1
2302,when,,,
2302,they,,,
2302,brought,1,,1
2302,it,,,
2302,home,,,
2302,their,,1,
2302,mother,,1,
2302,explained,1,,
2302,that,,,
2302,the,,,
2302,jelly,1,,1
2302,was,,1,
2302,just,,,
2302,frog,,,
2302,eggs,1,,
2302,the,,,
2302,kids,1,,
2302,left,1,,
2302,the,,,
2302,leaf,1,,
2302,in,,,
2302,some,,1,
2302,water,,,1
2302,for,,,
2302,a,,,
2302,few,1,,
2302,days,,,
2302,the,,,
2302,black,,,
2302,spots,1,,
2302,grew,,,
2302,until,,,
2302,they,,,
2302,turned,,,
2302,into,,1,
2302,tadpoles,1,,1
2302,swimming,,,1
2302,around,,,1
2302,in,,,
2302,the,,,
2302,water,,,1
420,an,,,
420,hour,1,1,
420,ago,,,
420,the,,,
420,sun,,,
420,was,,1,
420,bright,1,,
420,the,,,
420,sky,,,
420,had,,,
420,been,,1,
420,its,,,
420,familiar,1,1,
420,blue,,,
420,but,,,
420,now,,,
420,it,,,
420,is,,,
420,nearly,,,
420,dark,,,
420,at,,,
420,three,,,
420,pm,,1,
420,a,,,
420,solar,1,,
420,eclipse,1,,
420,is,,,
420,causing,1,,1
420,this,,,
420,unusual,1,,1
420,event,1,,
420,the,,,
420,moon,1,,
420,is,,,
420,passing,1,,
420,between,1,,
420,the,,,
420,earth,1,1,
420,and,,,
420,sun,,,
420,blocking,1,,
420,most,,,
420,of,,,
420,the,,,
420,sunlight,1,,
420,for,,,
420,about,,,
420,eight,1,,
420,minutes,1,1,
420,only,,1,
420,a,,,
420,small,,,
420,part,,,
420,of,,,
420,the,,,
420,earth,1,1,
420,will,,,
420,see,,,
420,this,,,
420,solar,1,,
420,eclipse,1,,
420,long,,,
420,ago,,,
420,people,,1,
420,were,,1,
420,afraid,1,,
420,of,,,
420,eclipses,1,,
420,they,,,
420,thought,,,1
420,the,,,
420,world,1,,1
420,was,,1,
420,ending,,,
420,now,,,
420,we,,,
420,know,,,1
420,the,,,
420,moon,1,,
420,will,,,
420,continue,1,,
420,on,,,
420,its,,,
420,path,1,,
420,and,,,
420,sunlight,1,,
420,will,,,
420,return,1,,
420,shortly,1,,
2403,it,,,
2403,hadn't,,,
2403,rained,,,
2403,lately,1,,
2403,alex,1,,
2403,went,,,
2403,out,,,
2403,to,,,
2403,water,,,1
2403,the,,,
2403,plants,1,,
2403,in,,,
2403,the,,,
2403,garden,1,,
2403,he,,,
2403,saw,,,
2403,white,,,
2403,flakes,1,,
2403,floating,1,,
2403,around,,,
2403,the,,,
2403,plants,1,,
2403,could,,1,
2403,they,,,
2403,be,,,
2403,snowflakes,1,,
2403,not,,,
2403,in,,,
2403,the,,,
2403,summer,1,,
2403,they,,,
2403,couldn't,,1,
2403,they,,,
2403,reminded,1,,
2403,him,,,
2403,of,,,
2403,flower,,,
2403,petals,1,,
2403,but,,,
2403,they,,,
2403,were,,1,
2403,actually,1,,1
2403,little,,,
2403,white,,,
2403,butterflies,1,,1
2403,they,,,
2403,flew,1,,
2403,around,,,
2403,the,,,
2403,garden,1,,
2403,landing,1,,
2403,gently,1,,1
2403,on,,,
2403,leaves,1,,
2403,instead,1,,
2403,of,,,
2403,eating,,,
2403,the,,,
2403,plants,1,,
2403,they,,,
2403,left,1,,
2403,tiny,1,,
2403,green,,,
2403,eggs,1,,
2403,on,,,
2403,the,,,
2403,leaves,1,,
2403,that,,,
2403,way,,,
2403,when,,,
2403,the,,,
2403,eggs,1,,
2403,hatched,1,,
2403,the,,,
2403,baby,1,,
2403,caterpillars,1,,
2403,would,,1,
2403,have,,,
2403,food,,,
2701,lily's,1,,
2701,grandparents,1,,
2701,are,,,
2701,quite,1,,
2701,old,,,
2701,at,,,
2701,family,,,
2701,events,1,,
2701,the,,,
2701,old,,,
2701,folks,1,1,
2701,just,,,
2701,sit,,,
2701,around,,,
2701,and,,,
2701,talk,,,
2701,lily's,1,,
2701,not,,,
2701,very,,1,
2701,interested,1,,
2701,in,,,
2701,listening,1,1,
2701,to,,,
2701,their,,1,
2701,old,,,
2701,stories,,,1
2701,now,,,
2701,her,,,
2701,class,,,
2701,is,,,
2701,learning,1,1,
2701,about,,,
2701,how,,,
2701,life,1,,
2701,was,,1,
2701,different,1,,
2701,in,,,
2701,the,,,
2701,old,,,
2701,days,,,
2701,she,,,
2701,needs,,,
2701,to,,,
2701,interview,1,,
2701,a,,,
2701,relative,1,,
2701,and,,,
2701,find,,,
2701,out,,,
2701,one,,1,
2701,thing,,,
2701,that,,,
2701,they,,,
2701,needed,,,
2701,daily,1,,
2701,but,,,
2701,that,,,
2701,was,,1,
2701,hard,1,,
2701,to,,,
2701,get,,,
2701,when,,,
2701,she,,,
2701,asks,,,
2701,her,,,
2701,grandfather,1,,
2701,he,,,
2701,says,1,1,
2701,he,,,
2701,doesn't,,1,
2701,want,,,
2701,to,,,
2701,discuss,1,,
2701,the,,,
2701,old,,,
2701,days,,,
2701,but,,,
2701,her,,,
2701,grandmother,1,,
2701,has,,,
2701,lots,,,
2701,of,,,
2701,information,1,,
2701,to,,,
2701,share,1,,
2701,when,,,
2701,she,,,
2701,was,,1,
2701,young,1,1,
2701,they,,,
2701,had,,,
2701,no,,,
2701,running,,,
2701,water,,,1
2701,on,,,
2701,their,,1,
2701,farm,1,,
2701,her,,,
2701,job,1,,
2701,was,,1,
2701,to,,,
2701,fetch,1,,
2701,water,,,1
2701,from,,,
2701,the,,,
2701,well,,,
2701,or,,,
2701,stream,1,,
2701,several,1,,1
2701,times,,,
2701,a,,,
2701,day,,,
2701,even,,,
2701,in,,,
2701,the,,,
2701,freezing,1,,1
2701,winter,,,
320,zack,1,,
320,sat,,,
320,down,,,
320,in,,,
320,his,,,
320,chair,,,
320,it,,,
320,was,,1,
320,time,,,
320,for,,,
320,class,,,
320,the,,,
320,teacher,,,
320,asked,,,
320,for,,,
320,last,,,
320,night's,,,
320,homework,1,,1
320,zack,1,,
320,opened,,,
320,his,,,
320,backpack,1,,
320,to,,,
320,take,,,
320,out,,,
320,his,,,
320,homework,1,,1
320,folder,1,,
320,his,,,
320,homework,1,,1
320,folder,1,,
320,wasn't,,1,
320,in,,,
320,it,,,
320,his,,,
320,recorder,1,,
320,was,,1,
320,gone,,1,
320,too,,,
320,in,,,
320,the,,,
320,backpack,1,,
320,there,,1,
320,was,,1,
320,a,,,
320,science,1,,1
320,book,,,
320,and,,,
320,a,,,
320,math,1,,
320,book,,,
320,they,,,
320,were,,1,
320,both,1,1,
320,too,,,
320,hard,1,,
320,for,,,
320,zack,1,,
320,there,,1,
320,was,,1,
320,a,,,
320,piece,1,,
320,of,,,
320,homework,1,,1
320,inside,,,
320,a,,,
320,green,,,
320,folder,1,,
320,the,,,
320,name,,,
320,on,,,
320,it,,,
320,said,,,
320,jason,1,,
320,zack,1,,
320,must,,,
320,have,,,
320,taken,,,1
320,his,,,
320,brother's,,1,
320,identical,1,,1
320,backpack,1,,
320,while,,,
320,hurrying,1,,
320,out,,,
320,the,,,
320,door,,1,
320,this,,,
320,morning,,,
450,rules,1,,
450,are,,,
450,strict,1,,
450,at,,,
450,peter's,1,,
450,house,,,
450,each,,,
450,day,,,
450,peter,1,,
450,gets,,,
450,just,,,
450,one,,1,
450,hour,1,1,
450,of,,,
450,screen,1,,
450,time,,,
450,it,,,
450,could,,1,
450,be,,,
450,on,,,
450,a,,,
450,computer,1,,1
450,or,,,
450,on,,,
450,tv,,1,
450,kayla's,1,,
450,parents,1,,
450,say,,,
450,that,,,
450,she,,,
450,can,,,
450,watch,,,1
450,television,1,,
450,as,,,
450,much,,,
450,as,,,
450,she,,,
450,wants,,,
450,as,,,
450,long,,,
450,as,,,
450,she,,,
450,finishes,1,,
450,her,,,
450,homework,1,,1
450,why,,,
450,can't,,,
450,all,,,
450,parents,1,,
450,be,,,
450,on,,,
450,the,,,
450,same,,,
450,page,1,,
450,both,1,1,
450,peter,1,,
450,and,,,
450,kayla,1,,
450,are,,,
450,doing,,,
450,well,,,
450,with,,,
450,school,,,1
450,work,,,1
450,and,,,
450,they,,,
450,follow,1,,
450,the,,,
450,same,,,
450,rules,1,,
450,at,,,
450,school,,,1
450,because,,,
450,of,,,
450,the,,,
450,rules,1,,
450,at,,,
450,peter's,1,,
450,house,,,
450,he,,,
450,plays,,,
450,outside,1,,
450,more,,,
450,often,1,,
450,than,,1,
450,kayla,1,,
450,does,,1,
2503,a,,,
2503,jellyfish,1,,
2503,is,,,
2503,a,,,
2503,very,,1,
2503,strange,1,,
2503,creature,1,,1
2503,it,,,
2503,is,,,
2503,a,,,
2503,sea,,,
2503,animal,,,
2503,that,,,
2503,lives,,1,
2503,in,,,
2503,our,,,
2503,oceans,1,1,
2503,unlike,,,
2503,fish,,,
2503,jellyfish,1,,
2503,have,,,
2503,no,,,
2503,brain,1,,
2503,heart,1,1,
2503,or,,,
2503,bones,,,1
2503,they,,,
2503,drift,1,,
2503,with,,,
2503,the,,,
2503,ocean,1,1,
2503,because,,,
2503,they,,,
2503,have,,,
2503,no,,,
2503,way,,,
2503,to,,,
2503,steer,1,,
2503,some,,1,
2503,jellyfish,1,,
2503,are,,,
2503,the,,,
2503,size,1,,
2503,of,,,
2503,your,,,
2503,thumbnail,1,,1
2503,and,,,
2503,some,,1,
2503,can,,,
2503,grow,,,
2503,as,,,
2503,long,,,
2503,as,,,
2503,fifty,1,,
2503,feet,,,
2503,they,,,
2503,catch,1,,
2503,food,,,
2503,in,,,
2503,their,,1,
2503,tentacles,1,,
2503,as,,,
2503,they,,,
2503,slowly,,,
2503,float,1,,
2503,along,,,
2503,they,,,
2503,are,,,
2503,beautiful,,1,
2503,to,,,
2503,watch,,,1
2503,but,,,
2503,their,,1,
2503,painful,1,,
2503,sting,1,,
2503,makes,,,
2503,them,,1,
2503,an,,,
2503,unpleasant,1,,
2503,swimming,,,1
2503,hazard,1,,
410,emma,1,,
410,loves,,1,
410,saturday,1,,
410,mornings,,,
410,her,,,
410,parents,1,,
410,go,,,
410,to,,,
410,work,,,1
410,so,,,
410,emma,1,,
410,spends,1,,
410,time,,,
410,with,,,
410,ms,1,1,
410,brown,,,
410,who,,,
410,lives,,1,
410,next,,,
410,door,,1,
410,ms,1,1,
410,brown,,,
410,always,,,
410,has,,,
410,a,,,
410,jigsaw,1,,
410,puzzle,1,,
410,on,,,
410,her,,,
410,table,,,
410,emma,1,,
410,loves,,1,
410,working,,,1
410,on,,,
410,the,,,
410,puzzles,1,,
410,with,,,
410,her,,,
410,when,,,
410,emma,1,,
410,was,,1,
410,little,,,
410,ms,1,1,
410,brown,,,
410,had,,,
410,small,,,
410,puzzles,1,,
410,with,,,
410,big,,,
410,pieces,1,,
410,but,,,
410,now,,,
410,that,,,
410,emma,1,,
410,is,,,
410,in,,,
410,sixth,1,,
410,grade,1,,
410,they,,,
410,work,,,1
410,together,,1,
410,on,,,
410,large,1,,
410,puzzles,1,,
410,with,,,
410,hundreds,1,,
410,of,,,
410,very,,1,
410,small,,,
410,pieces,1,,
2101,jill,1,,
2101,and,,,
2101,sam,1,,
2101,stood,1,,
2101,in,,,
2101,the,,,
2101,snow,,,
2101,they,,,
2101,watched,,,1
2101,the,,,
2101,snowflakes,1,,
2101,falling,1,,
2101,first,,,
2101,they,,,
2101,caught,1,,1
2101,snowflakes,1,,
2101,in,,,
2101,their,,1,
2101,mouths,1,,
2101,then,,1,
2101,jill,1,,
2101,looked,,,
2101,at,,,
2101,the,,,
2101,snowflakes,1,,
2101,on,,,
2101,her,,,
2101,sleeve,1,,
2101,she,,,
2101,wondered,1,,1
2101,if,,,
2101,the,,,
2101,snowflakes,1,,
2101,were,,1,
2101,all,,,
2101,the,,,
2101,same,,,
2101,sam,1,,
2101,ran,,,
2101,inside,,,
2101,and,,,
2101,came,,,
2101,back,,,
2101,with,,,
2101,a,,,
2101,magnifying,1,,
2101,glass,,,
2101,when,,,
2101,they,,,
2101,looked,,,
2101,through,1,1,
2101,it,,,
2101,they,,,
2101,saw,,,
2101,that,,,
2101,the,,,
2101,snowflakes,1,,
2101,had,,,
2101,six,,,
2101,points,1,,
2101,the,,,
2101,snowflakes,1,,
2101,looked,,,
2101,like,,,
2101,tiny,1,,
2101,sparkling,1,,1
2101,stars,,,
2101,each,,,
2101,one,,1,
2101,different,1,,
2101,from,,,
2101,the,,,
2101,next,,,
2504,sharks,1,,
2504,are,,,
2504,curious,1,,1
2504,fish,,,
2504,they,,,
2504,want,,,
2504,to,,,
2504,know,,,1
2504,what's,,1,
2504,in,,,
2504,the,,,
2504,water,,,1
2504,with,,,
2504,them,,1,
2504,sharks,1,,
2504,learn,1,1,
2504,by,,,
2504,smelling,,,
2504,and,,,
2504,tasting,1,,1
2504,they,,,
2504,bite,,,
2504,things,,,
2504,to,,,
2504,learn,1,1,
2504,what,,,
2504,they,,,
2504,are,,,
2504,if,,,
2504,something,,1,
2504,tastes,1,,
2504,bad,,,
2504,a,,,
2504,shark,1,,
2504,doesn't,,1,
2504,want,,,
2504,it,,,
2504,sharks,1,,
2504,think,,,
2504,people,,1,
2504,taste,1,,1
2504,very,,1,
2504,bad,,,
2504,so,,,
2504,they,,,
2504,generally,1,,1
2504,don't,,,
2504,want,,,
2504,to,,,
2504,eat,,,
2504,people,,1,
2504,there,,1,
2504,are,,,
2504,many,,1,
2504,scary,1,,
2504,movies,1,1,
2504,about,,,
2504,sharks,1,,
2504,that,,,
2504,hunt,1,,
2504,for,,,
2504,people,,1,
2504,but,,,
2504,sharks,1,,
2504,are,,,
2504,usually,1,,1
2504,harmless,1,,
2504,to,,,
2504,people,,1,
2504,because,,,
2504,people,,1,
2504,don't,,,
2504,taste,1,,
2504,very,,1,
2504,good,,,
520,on,,,
520,warm,1,,
520,summer,1,,
520,nights,,,
520,dan,1,,
520,and,,,
520,mark,1,,
520,sleep,,,
520,outside,1,,
520,in,,,
520,sleeping,,,
520,bags,1,,
520,they,,,
520,like,,,
520,to,,,
520,look,,,
520,up,,,
520,at,,,
520,all,,,
520,the,,,
520,stars,,,
520,and,,,
520,planets,1,,
520,in,,,
520,the,,,
520,night,,,
520,sky,,,
520,mark,1,,
520,can,,,
520,now,,,
520,easily,1,,
520,locate,1,,
520,the,,,
520,big,,,
520,dipper,1,,
520,and,,,
520,the,,,
520,little,,,
520,dipper,1,,
520,if,,,
520,they,,,
520,are,,,
520,really,1,,
520,lucky,1,,
520,they,,,
520,can,,,
520,see,,,
520,shooting,1,,
520,stars,,,
520,streak,1,,
520,across,1,,
520,the,,,
520,sky,,,
520,sometimes,,1,
520,there,,1,
520,are,,,
520,slower,,,
520,moving,,1,
520,lights,,,
520,in,,,
520,the,,,
520,sky,,,
520,these,,1,
520,aren't,,1,
520,stars,,,
520,but,,,
520,they,,,
520,may,,,
520,be,,,
520,satellites,1,,
520,circling,1,,
520,the,,,
520,globe,1,,
520,or,,,
520,airplanes,1,,
520,traveling,1,,
520,between,1,,
520,cities,,,
2402,iceland,1,,
2402,is,,,
2402,a,,,
2402,cold,,,
2402,place,,,
2402,but,,,
2402,parts,,,
2402,of,,,
2402,it,,,
2402,are,,,
2402,boiling,1,,
2402,hot,,,
2402,long,,,
2402,ago,,,
2402,the,,,
2402,vikings,1,,
2402,found,,,
2402,hot,,,
2402,water,,,
2402,and,,,
2402,steam,1,,
2402,from,,,
2402,deep,1,,
2402,inside,,,
2402,the,,,
2402,earth,1,1,
2402,they,,,
2402,used,,,
2402,this,,,
2402,hot,,,
2402,water,,,
2402,to,,,
2402,cook,,,
2402,and,,,
2402,wash,1,,
2402,up,,,
2402,later,1,,
2402,iceland,1,,
2402,started,,,
2402,heating,1,,
2402,homes,,,
2402,with,,,
2402,heat,1,,
2402,from,,,
2402,the,,,
2402,earth,1,1,
2402,hot,,,
2402,water,,,
2402,and,,,
2402,steam,1,,
2402,are,,,
2402,pumped,1,,
2402,through,1,1,
2402,the,,,
2402,city,,,
2402,to,,,
2402,heat,1,,
2402,buildings,1,1,
2402,plants,1,,
2402,and,,,
2402,vegetables,1,,
2402,are,,,
2402,grown,1,,
2402,year,1,,
2402,round,1,,
2402,in,,,
2402,heated,1,,
2402,greenhouses,1,,
2402,today,,1,
2402,iceland,1,,
2402,uses,,,
2402,this,,,
2402,clean,,,
2402,energy,1,,
2402,from,,,
2402,deep,1,,
2402,in,,,
2402,the,,,
2402,earth,1,1,
2402,to,,,
2402,heat,1,,
2402,houses,,,
2402,streets,,,
2402,and,,,
2402,even,,,
2402,football,1,,
2402,fields,1,,
2904,andy,1,,
2904,held,1,,
2904,his,,,
2904,breath,1,,
2904,standing,1,,
2904,very,,1,
2904,still,,,
2904,he,,,
2904,carefully,,,
2904,pushed,,1,
2904,the,,,
2904,button,1,,
2904,as,,,
2904,his,,,
2904,finger,1,,
2904,moved,,1,
2904,he,,,
2904,heard,,1,
2904,a,,,
2904,faint,1,,
2904,click,1,,
2904,looking,,,
2904,directly,1,,
2904,at,,,
2904,the,,,
2904,camera,1,,
2904,display,1,,
2904,he,,,
2904,wondered,1,,
2904,if,,,
2904,he,,,
2904,had,,,
2904,captured,1,,
2904,it,,,
2904,there,,1,
2904,on,,,
2904,the,,,
2904,screen,1,,
2904,was,,1,
2904,a,,,
2904,mass,1,,
2904,of,,,
2904,yellow,,,
2904,petals,1,,
2904,andy,1,,
2904,was,,1,
2904,looking,,,
2904,for,,,
2904,something,,1,
2904,specific,1,,
2904,he,,,
2904,enlarged,1,,
2904,the,,,
2904,image,1,,
2904,stared,1,,
2904,for,,,
2904,a,,,
2904,moment,1,,
2904,and,,,
2904,smiled,,,
2904,in,,,
2904,the,,,
2904,lower,1,,
2904,left,1,,
2904,corner,1,,
2904,blending,1,,
2904,in,,,
2904,with,,,
2904,blossoms,1,,
2904,a,,,
2904,swallowtail,1,,
2904,butterfly,1,,
2904,rested,1,,
2904,on,,,
2904,a,,,
2904,petal,1,,
2904,he,,,
2904,was,,1,
2904,able,1,,
2904,to,,,
2904,accomplish,1,,
2904,his,,,
2904,goal,1,,
2904,of,,,
2904,taking,,,
2904,a,,,
2904,picture,,,
2904,of,,,
2904,a,,,
2904,butterfly,1,,
2904,at,,,
2904,rest,1,,
2904,andy,1,,
2904,was,,1,
2904,prepared,1,,
2904,for,,,
2904,the,,,
2904,next,,,
2904,photography,1,,
2904,challenge,1,,
2601,animals,,,
2601,don't,,,
2601,sense,1,,
2601,the,,,
2601,world,1,,
2601,like,,,
2601,we,,,
2601,do,,,
2601,many,,1,
2601,animals,,,
2601,have,,,
2601,long,,,
2601,stiff,1,,
2601,hairs,1,,
2601,called,1,,
2601,whiskers,1,,
2601,on,,,
2601,their,,1,
2601,faces,,,
2601,while,,,
2601,they,,,
2601,can,,,
2601,be,,,
2601,very,,1,
2601,cute,1,,
2601,they,,,
2601,also,1,,
2601,serve,1,,
2601,an,,,
2601,important,1,,
2601,purpose,1,1,
2601,whiskers,1,,
2601,are,,,
2601,used,,,
2601,to,,,
2601,feel,,,
2601,an,,,
2601,animal's,,,
2601,surroundings,1,,
2601,a,,,
2601,cat,,,
2601,will,,,
2601,use,,,
2601,them,,1,
2601,to,,,
2601,see,,,
2601,if,,,
2601,it,,,
2601,can,,,
2601,fit,1,,
2601,its,,,
2601,head,,,
2601,through,1,1,
2601,a,,,
2601,small,,,
2601,space,1,,
2601,have,,,
2601,you,,,
2601,ever,,,
2601,noticed,1,,
2601,smaller,,,
2601,whiskers,1,,
2601,over,,,
2601,your,,,
2601,pet's,,,
2601,eyes,,1,
2601,or,,,
2601,on,,,
2601,its,,,
2601,legs,1,,
2601,whiskers,1,,
2601,aren't,,1,
2601,limited,1,,
2601,to,,,
2601,being,,,
2601,just,,,
2601,around,,,
2601,the,,,
2601,muzzle,1,,
2601,whiskers,1,,
2601,on,,,
2601,the,,,
2601,back,,,
2601,of,,,
2601,a,,,
2601,cat's,,,
2601,paws,1,,
2601,can,,,
2601,help,,,
2601,it,,,
2601,feel,,,
2601,its,,,
2601,prey,1,,
2601,when,,,
2601,it,,,
2601,pounces,1,,
2601,making,,,
2601,it,,,
2601,a,,,
2601,better,,,
2601,hunter,1,,
2601,more,,,
2601,whiskers,1,,
2601,in,,,
2601,more,,,
2601,places,,,
2601,mean,,,
2601,your,,,
2601,pet,,,
2601,can,,,
2601,sense,1,,
2601,its,,,
2601,environment,1,,
2601,in,,,
2601,even,,,
2601,more,,,
2601,detail,1,,
2801,new,,,
2801,year's,1,,
2801,is,,,
2801,an,,,
2801,exciting,1,,
2801,event,1,,
2801,how,,,
2801,do,,,
2801,you,,,
2801,celebrate,1,,
2801,in,,,
2801,america,1,1,
2801,you,,,
2801,might,,,
2801,watch,,,
2801,the,,,
2801,midnight,1,,
2801,ball,,,
2801,drop,1,,
2801,on,,,
2801,tv,,1,
2801,when,,,
2801,the,,,
2801,ball,,,
2801,drops,1,,
2801,in,,,
2801,new,,,
2801,york,1,,
2801,city,,,
2801,people,,1,
2801,sing,,,
2801,and,,,
2801,fireworks,1,,
2801,fill,,,
2801,the,,,
2801,night,,,
2801,sky,,,
2801,in,,,
2801,brazil,1,1,
2801,you,,,
2801,might,,,
2801,celebrate,1,,
2801,with,,,
2801,a,,,
2801,tasty,1,,
2801,bowl,1,,
2801,of,,,
2801,lentil,1,,
2801,soup,1,1,
2801,lentils,1,,
2801,symbolize,1,,
2801,good,,,
2801,fortune,1,,
2801,in,,,
2801,russia,1,,
2801,you,,,
2801,might,,,
2801,look,,,
2801,forward,1,,
2801,to,,,
2801,father,,1,
2801,frost's,1,,
2801,yearly,1,,
2801,visit,1,,
2801,he,,,
2801,brings,1,,
2801,presents,1,,
2801,for,,,
2801,the,,,
2801,children,,,
2801,no,,,
2801,matter,1,,
2801,the,,,
2801,tradition,1,,
2801,new,,,
2801,year's,1,,
2801,is,,,
2801,a,,,
2801,hopeful,1,,
2801,time,,,
2801,bringing,1,,
2801,a,,,
2801,new,,,
2801,beginning,,1,
2801,to,,,
2801,a,,,
2801,new,,,
2801,year,1,,
3105,alex's,1,,
3105,older,,,
3105,sister,,,
3105,is,,,
3105,in,,,
3105,peru,1,1,
3105,last,,,
3105,month,1,1,
3105,she,,,
3105,moved,,1,
3105,to,,,
3105,a,,,
3105,small,,,
3105,village,1,,
3105,as,,,
3105,part,,,
3105,of,,,
3105,a,,,
3105,summer,1,,
3105,study,1,,
3105,program,1,,
3105,with,,,
3105,her,,,
3105,high,,,
3105,school,,,
3105,far,,,
3105,from,,,
3105,the,,,
3105,conveniences,1,,
3105,of,,,
3105,her,,,
3105,own,1,,
3105,house,,,
3105,sylvia,1,,
3105,lives,,1,
3105,with,,,
3105,a,,,
3105,host,1,,
3105,family,,,
3105,in,,,
3105,their,,1,
3105,small,,,
3105,home,,,
3105,in,,,
3105,the,,,
3105,mornings,,,
3105,she,,,
3105,is,,,
3105,a,,,
3105,teacher's,,,
3105,helper,,,
3105,in,,,
3105,a,,,
3105,rural,1,,
3105,school,,,
3105,sylvia,1,,
3105,works,,,
3105,with,,,
3105,children,,,
3105,in,,,
3105,arithmetic,1,,
3105,and,,,
3105,reading,,,
3105,without,,,
3105,technology,1,,
3105,the,,,
3105,village,1,,
3105,has,,,
3105,no,,,
3105,electricity,1,,
3105,and,,,
3105,no,,,
3105,cellphone,1,,
3105,reception,1,,
3105,after,,,
3105,school,,,
3105,she,,,
3105,helps,,,
3105,out,,,
3105,on,,,
3105,the,,,
3105,family's,,,
3105,small,,,
3105,farm,1,,
3105,and,,,
3105,gets,,,
3105,cooking,,,
3105,lessons,1,,
3105,once,1,1,
3105,a,,,
3105,week,1,,
3105,sylvia,1,,
3105,takes,,,
3105,a,,,
3105,bus,,,
3105,to,,,
3105,the,,,
3105,nearby,1,,
3105,town,,,
3105,to,,,
3105,meet,1,,
3105,with,,,
3105,others,,1,
3105,in,,,
3105,her,,,
3105,program,1,,
3105,for,,,
3105,the,,,
3105,first,,,
3105,time,,,
3105,all,,,
3105,week,1,,
3105,she,,,
3105,gets,,,
3105,an,,,
3105,hour,1,1,
3105,on,,,
3105,her,,,
3105,computer,1,,
3105,she,,,
3105,writes,1,,
3105,to,,,
3105,alex,1,,
3105,about,,,
3105,her,,,
3105,experiences,1,,
3105,in,,,
3105,addition,1,,
3105,to,,,
3105,improving,1,1,
3105,her,,,
3105,spanish,1,,
3105,language,1,1,
3105,and,,,
3105,cooking,1,,
3105,skills,1,,
3105,she,,,
3105,is,,,
3105,learning,1,1,
3105,to,,,
3105,get,,,
3105,by,,,
3105,on,,,
3105,limited,1,,
3105,screen,1,,
3105,time,,,
2803,birds,,,
2803,and,,,
2803,bats,,,
2803,can,,,
2803,fly,,,
2803,but,,,
2803,they,,,
2803,aren't,,1,
2803,the,,,
2803,only,,1,
2803,animals,,,
2803,that,,,
2803,can,,,
2803,soar,1,,
2803,through,1,1,
2803,the,,,
2803,air,1,,
2803,flying,,,
2803,squirrels,,,
2803,can,,,
2803,glide,1,,
2803,between,1,,
2803,tree,,,
2803,branches,1,,
2803,these,,1,
2803,squirrels,,,
2803,have,,,
2803,a,,,
2803,membrane,1,,
2803,a,,,
2803,thin,1,,
2803,piece,1,,
2803,of,,,
2803,skin,1,,
2803,between,1,,
2803,their,,1,
2803,front,1,1,
2803,and,,,
2803,back,,,
2803,legs,1,,
2803,that,,,
2803,catches,1,,
2803,the,,,
2803,air,1,,
2803,when,,,
2803,they,,,
2803,jump,,,
2803,flying,,,
2803,squirrels,,,
2803,don't,,,
2803,actually,1,,
2803,have,,,
2803,powered,1,,
2803,flight,1,,
2803,like,,,
2803,a,,,
2803,bird,,,
2803,or,,,
2803,a,,,
2803,bat,,,
2803,however,1,,
2803,they,,,
2803,can,,,
2803,coast,1,,
2803,briefly,1,,
2803,on,,,
2803,the,,,
2803,wind,,1,
2803,before,1,,
2803,landing,1,,
2803,safely,1,,
2803,in,,,
2803,a,,,
2803,tree,,,
2803,taking,,,
2803,a,,,
2803,cue,1,,
2803,from,,,
2803,these,,1,
2803,gliding,1,,
2803,squirrels,,,
2803,some,,1,
2803,human,1,,
2803,skydivers,1,,
2803,wear,1,1,
2803,special,1,,
2803,suits,1,,
2803,modeled,1,,
2803,after,,,
2803,the,,,
2803,flying,,,
2803,squirrel,,,
2803,they,,,
2803,use,,,
2803,these,,1,
2803,suits,1,,
2803,to,,,
2803,guide,1,,
2803,their,,1,
2803,flight,1,,
2803,as,,,
2803,they,,,
2803,soar,1,,
2803,through,1,1,
2803,the,,,
2803,air,1,,
2803,among,1,1,
2803,the,,,
2803,flying,,,
2803,animals,,,
2803,of,,,
2803,the,,,
2803,world,1,,
2803,we,,,
2803,should,,1,
2803,include,1,,
2803,flying,,,
2803,squirrels,,,
2803,and,,,
2803,some,,1,
2803,humans,1,,
2902,chocolate,1,,
2902,flavors,1,,
2902,many,,1,
2902,of,,,
2902,our,,,
2902,treats,1,,
2902,from,,,
2902,candy,1,,
2902,to,,,
2902,beverages,1,,
2902,it's,,,
2902,hard,1,,
2902,to,,,
2902,think,,,
2902,of,,,
2902,a,,,
2902,time,,,
2902,when,,,
2902,we,,,
2902,didn't,,,
2902,have,,,
2902,chocolate,1,,
2902,cocoa,1,,
2902,beans,1,,
2902,were,,1,
2902,first,,,
2902,used,,,
2902,by,,,
2902,the,,,
2902,mayans,1,1,
2902,around,,,
2902,four,,1,
2902,thousand,1,,
2902,years,1,,
2902,ago,,,
2902,much,,,
2902,like,,,
2902,today,,1,
2902,cocoa,1,,
2902,was,,1,
2902,used,,,
2902,for,,,
2902,drinks,1,,
2902,but,,,
2902,the,,,
2902,drinks,1,,
2902,weren't,,1,
2902,prepared,1,,
2902,to,,,
2902,be,,,
2902,as,,,
2902,sweet,1,,
2902,as,,,
2902,we,,,
2902,make,,,
2902,them,,1,
2902,now,,,
2902,ancient,1,1,
2902,cocoa,1,,
2902,products,1,,
2902,were,,1,
2902,bitter,1,,
2902,sometimes,,1,
2902,seasoned,1,,
2902,with,,,
2902,chili,1,1,
2902,or,,,
2902,vanilla,1,,
2902,they,,,
2902,were,,1,
2902,used,,,
2902,either,1,,
2902,as,,,
2902,medicine,1,,
2902,or,,,
2902,for,,,
2902,religious,1,,
2902,reasons,1,,
2902,when,,,
2902,the,,,
2902,spanish,1,,
2902,tasted,1,,
2902,the,,,
2902,drinks,1,,
2902,mixed,1,,
2902,with,,,
2902,ground,,,
2902,cocoa,1,,
2902,beans,1,,
2902,and,,,
2902,water,,,
2902,they,,,
2902,called,1,,
2902,it,,,
2902,chocolate,1,,
2902,for,,,
2902,a,,,
2902,time,,,
2902,cocoa,1,,
2902,beans,1,,
2902,were,,1,
2902,adopted,1,,
2902,as,,,
2902,a,,,
2902,form,1,,
2902,of,,,
2902,money,,1,
2902,could,,1,
2902,you,,,
2902,imagine,1,,
2902,paying,1,,
2902,for,,,
2902,your,,,
2902,groceries,1,,
2902,in,,,
2902,chocolate,1,,
3106,a,,,
3106,ship,1,,
3106,is,,,
3106,sailing,1,,
3106,across,1,,
3106,the,,,
3106,sea,,,
3106,the,,,
3106,water,,,
3106,starts,,,
3106,to,,,
3106,get,,,
3106,rough,1,1,
3106,and,,,
3106,the,,,
3106,ship,1,,
3106,begins,,1,
3106,to,,,
3106,sway,1,,
3106,without,,,
3106,warning,1,,
3106,the,,,
3106,skies,,,
3106,grow,,,
3106,darker,,,
3106,as,,,
3106,enormous,1,,
3106,black,,,
3106,clouds,1,,
3106,move,,1,
3106,in,,,
3106,and,,,
3106,the,,,
3106,wind,,1,
3106,begins,,1,
3106,to,,,
3106,gust,1,,
3106,the,,,
3106,ship,1,,
3106,is,,,
3106,heading,,,
3106,straight,1,1,
3106,into,,1,
3106,the,,,
3106,storm,1,,
3106,a,,,
3106,turbulent,1,,
3106,night,,,
3106,awaits,1,,
3106,them,,1,
3106,and,,,
3106,the,,,
3106,crew,1,,
3106,prepares,1,,
3106,scrambling,1,,
3106,to,,,
3106,secure,1,1,
3106,equipment,1,,
3106,and,,,
3106,stow,1,,
3106,the,,,
3106,gear,1,1,
3106,below,1,,
3106,the,,,
3106,deck,1,,
3106,as,,,
3106,the,,,
3106,rain,,,
3106,begins,,1,
3106,to,,,
3106,pelt,1,,
3106,the,,,
3106,decks,1,,
3106,angry,1,,
3106,waves,1,,
3106,crash,1,,
3106,hard,1,,
3106,against,1,1,
3106,the,,,
3106,sides,,,
3106,of,,,
3106,the,,,
3106,ship,1,,
3106,the,,,
3106,storm,1,,
3106,worsens,1,,
3106,growing,,,
3106,stronger,1,,
3106,and,,,
3106,fiercer,1,,
3106,as,,,
3106,the,,,
3106,evening,1,1,
3106,goes,,,
3106,on,,,
3106,in,,,
3106,the,,,
3106,morning,,,
3106,the,,,
3106,crew,1,,
3106,is,,,
3106,relieved,1,,
3106,when,,,
3106,the,,,
3106,light,,,
3106,of,,,
3106,the,,,
3106,sun,,,
3106,breaks,1,,
3106,through,1,1,
3106,the,,,
3106,clouds,1,,
3106,and,,,
3106,onto,1,1,
3106,the,,,
3106,calm,1,,
3106,sea,,,